id,org,village,block,district_raw,district,state,matched_name,status,lat,lon
p0000,Lipok,Mharola,Paithan,Chhatrapati Sambhaji Nagar,Aurangabad,Maharashtra,Mharola,exact,19.715705425584922,75.27016855719273
p0001,Lipok,Shekta,Paithan,Chhatrapati Sambhaji Nagar,Aurangabad,Maharashtra,Shekta,exact-block,19.67123589939241,75.25432627840537
p0002,Lipok,Tondoli,Paithan,Chhatrapati Sambhaji Nagar,Aurangabad,Maharashtra,Tondoli,exact,19.634097589463803,75.2897495271357
p0003,Lipok,Tekadi Tanda,Paithan,Chhatrapati Sambhaji Nagar,Aurangabad,Maharashtra,Tekadi Tanda,exact,19.661003265047775,75.42954343426119
p0004,Lipok,Dongaon Tanda,Paithan,Chhatrapati Sambhaji Nagar,Aurangabad,Maharashtra,Porgaon Tanda,fuzzy,19.678392963190493,75.42338258699921
p0005,Lipok,Dongrunaik Tanda,Paithan,Chhatrapati Sambhaji Nagar,Aurangabad,Maharashtra,Dongri Naik Tanda,fuzzy,19.692507677627965,75.4152704289376
p0006,Lipok,Ranjangaon,Paithan,Chhatrapati Sambhaji Nagar,Aurangabad,Maharashtra,Ranjani,exact-block,19.709522589948392,75.23326072984689
p0007,Lipok,Gidhada,Paithan,Chhatrapati Sambhaji Nagar,Aurangabad,Maharashtra,Gidhada,exact,19.68206290127306,75.27679575829453
p0008,Lipok,Paithankheda,Paithan,Chhatrapati Sambhaji Nagar,Aurangabad,Maharashtra,Paithan kheda,fuzzy,19.745565954141572,75.24626963991416
p0009,Lipok,Nilajgaon,Paithan,Chhatrapati Sambhaji Nagar,Aurangabad,Maharashtra,Nilajgaon,exact,19.73059423071007,75.3760610626734
p0010,Goonj,Konawadi,Kalyan,Thane,Thane,Maharashtra,,block-centroid,19.300403966073976,73.2531613855051
p0011,Goonj,Takali,Latur,Latur,Latur,Maharashtra,Takli,exact,17.98157923997255,76.83344638524424
p0012,Goonj,Wakichamal,Jawhar,Palghar,Palghar,Maharashtra,,block-centroid,19.9826057998542,73.22075891571944
p0013,Goonj,kadgaon,Latur,Palghar,Palghar,Maharashtra,,block-centroid,18.39828631924789,76.467231787798
p0014,Goonj,Chincholi B,Ausa,Latur,Latur,Maharashtra,Chincholi (s),fuzzy,18.01680772999712,76.79316508388602
p0015,Goonj,Patgaon,Murbad,Thane,Thane,Maharashtra,Patgaon,exact,19.136292211023832,73.42180450528237
p0016,Goonj,Kanhol,Murbad,Thane,Thane,Maharashtra,Kanhol,exact,19.168347313561238,73.43366636945676
p0017,Goonj,jite,Karjat,Raigad,Raigad,Maharashtra,Jite,exact-block,19.011714748158038,73.33141832375655
p0018,Goonj,kumbhe,Karjat,Raigad,Raigad,Maharashtra,Kumbhe,exact-block,19.007172890562135,73.33978605885042
p0019,Goonj,Ransai,Khalapur,Raigad,Raigad,Maharashtra,Ransai,exact-block,18.776654800683584,73.20286709112845
p0020,Goonj,Vakas,Karjat,Raigad,Raigad,Maharashtra,Vakas,exact,19.011463468000972,73.3629418045438
p0021,Goonj,Nampada,Dahanu,Palghar,Palghar,Maharashtra,,block-centroid,19.959624748720938,72.9059021801568
p0022,Goonj,Zatepada,Dahanu,Palghar,Palghar,Maharashtra,,block-centroid,19.982871568470582,72.83058187808442
p0023,Goonj,Hasegaon,Kalamb,Dharashiv,Osmanabad,Maharashtra,,block-centroid,18.49558767853908,76.08522354632899
p0024,Goonj,Arni,Kalamb,Dharashiv,Osmanabad,Maharashtra,Arni,exact-block,18.07893262792755,76.29451131936129
p0025,Goonj,Deolali,Kalamb,Dharashiv,Osmanabad,Maharashtra,Deolali,exact-block,18.413169011236675,76.1307944171002
p0026,Goonj,Tawa katakaripada,Dahanu,Palghar,Palghar,Maharashtra,,block-centroid,19.94140533123561,72.85283300339584
p0027,Goonj,Kadupada,Dahanu,Palghar,Palghar,Maharashtra,,block-centroid,20.01663968947667,72.87533945442378
p0028,Goonj,Mugij,Mandangad,Ratnagiri,Ratnagiri,Maharashtra,Mugij,exact,17.900112937236425,73.29750585721564
p0029,Goonj,Sovili,Mandangad,Ratnagiri,Ratnagiri,Maharashtra,Soveli,fuzzy,17.903488659818194,73.32413442633163
p0030,Goonj,kangavai,Dapoli,Ratnagiri,Ratnagiri,Maharashtra,Kangavai,exact,17.896256886174356,73.20490152565432
p0031,Goonj,Gategaon,Latur,Latur,Latur,Maharashtra,Gategaon,exact,18.42275157845345,76.39461936772503
p0032,Goonj,"Patharaj,Lobhewadi",Karjat,Raigad,Raigad,Maharashtra,,block-centroid,18.797233087998446,73.97828581517375
p0033,Goonj,"Boriwali,naladhwadi",Karjat,Raigad,Raigad,Maharashtra,Boriwali,exact,19.01849404691672,73.40094936759887
p0034,Goonj,Dahivali pada,Shahapur,Thane,Thane,Maharashtra,,block-centroid,19.472464489405805,73.43806672182293
p0035,Goonj,Bhagdal,Shahapur,Thane,Thane,Maharashtra,Bhagdal,exact,19.315291046815002,73.36824461622919
p0036,Goonj,Nagewadi,Karjat,Raigad,Raigad,Maharashtra,,block-centroid,18.81012138445946,74.0058198432194
p0037,Goonj,Saraiwadi,Karjat,Raigad,Raigad,Maharashtra,Sanaswadi,fuzzy,18.401556989610206,73.38244547566568
p0038,Goonj,Ekurka,Kalamb,Dharashiv,Osmanabad,Maharashtra,Ekurka,exact,18.498231169563237,76.14050410688372
p0039,Goonj,Yarndgaon,Kalamb,Dharashiv,Osmanabad,Maharashtra,Yerandgaon,fuzzy,18.350121602618316,76.00045558213141
p0040,Goonj,Shindala,Ausa,Latur,Latur,Maharashtra,,block-centroid,18.22993194296259,76.51142494272507
p0041,Goonj,Bosa,Latur,Latur,Latur,Maharashtra,Bhosa,fuzzy,18.511037773386253,76.26409333347158
p0042,Goonj,Nilkanth,Latur,Latur,Latur,Maharashtra,Nilkanth,exact,18.502979821149374,76.28031858306805
p0043,Goonj,Sarwadi,Renapur,Latur,Latur,Maharashtra,Sarwadi,exact,18.015038576148434,76.65705773572205
p0044,Goonj,Veral Tarf Natu,Mandangad,Ratnagiri,Ratnagiri,Maharashtra,Veral Tarf Natu,exact,17.914093451223415,73.21147173406646
p0045,Goonj,Washihaveli,Tala,Raigad,Raigad,Maharashtra,Washi  Haveli,fuzzy,18.23742537221643,73.08191504228759
p0046,Goonj,Sayyadpur,Latur,Latur,Latur,Maharashtra,Sayyadpur,exact,18.28581515961202,76.9438794449943
p0047,Goonj,Salvinde tadachiwadi,Mhasala,Ratnagiri,Ratnagiri,Maharashtra,,block-centroid,18.121072941270125,73.10180715062525
p0048,Goonj,Kangaawai aadiwadi wadi,Dapoli,Ratnagiri,Ratnagiri,Maharashtra,,block-centroid,17.736877992865843,73.18954140531295
p0049,Goonj,Arunachapada,Jawhar,Palghar,Palghar,Maharashtra,,block-centroid,19.985803319599317,73.22054498695908
p0050,Goonj,Seltichamal,Jawhar,Palghar,Palghar,Maharashtra,,block-centroid,19.94349062875857,73.20411333526728
p0051,Goonj,Mendhyachapada,Jawhar,Palghar,Palghar,Maharashtra,,block-centroid,19.95395561713697,73.22203359892832
p0052,Goonj,Naygaon,Kalamb,Dharashiv,Osmanabad,Maharashtra,Naigaon,fuzzy,18.449780909039237,76.24968340852244
p0053,Goonj,Shendrun khurd,Shahapur,Thane,Thane,Maharashtra,,block-centroid,19.477994489938244,73.41828130195395
p0054,Goonj,ShendrunBudruk,Shahapur,Thane,Thane,Maharashtra,,block-centroid,19.460014587161748,73.41641703355552
p0055,Goonj,Lenad Bajarpada,Lenad Bajarpada,Thane,Thane,Maharashtra,,district-centroid,19.358536614433547,73.26988605485894
p0056,Goonj,Shirkhal,Dapoli,Ratnagiri,Ratnagiri,Maharashtra,Shirkhal,exact,17.844516147371806,73.32187248256926
p0057,Goonj,Palwani,Mandangad,Ratnagiri,Ratnagiri,Maharashtra,Palawani,fuzzy,17.927359574185424,73.23058842197887
p0058,Goonj,Pathardi,Jawhar,Palghar,Palghar,Maharashtra,Pathardi,exact-block,19.85300241262609,73.22964405036068
p0059,Goonj,Doharepada,Jawhar,Palghar,Palghar,Maharashtra,Dolharpada,fuzzy,20.15046674035121,72.83882959601715
p0060,Goonj,Sulechapada (Pathardi),Jawhar,Palghar,Palghar,Maharashtra,Pathardi,exact-block,19.85300241262609,73.22964405036068
p0061,Goonj,bhandarwadi,Dharashiv,Dharashiv,Osmanabad,Maharashtra,Bhandarwadi,exact,18.288593581816148,76.19123180189868
p0062,Goonj,wadiwaghivali,Latur,Latur,Latur,Maharashtra,,block-centroid,18.449744473389117,76.5019392614189
p0063,Goonj,palkharsangvi,Latur,Latur,Latur,Maharashtra,Pakharsangvi,fuzzy,18.383707188713878,76.51710538148562
p0064,Goonj,Dahivali,Shahapur,Thane,Thane,Maharashtra,Dahivali,exact-block,19.334323685927703,73.37554685174491
p0065,Goonj,Dahivali ( Adiwasi pada),Shahapur,Thane,Thane,Maharashtra,Dahivali,exact-block,19.334323685927703,73.37554685174491
p0066,Goonj,Bhekaryachakond,Mhasala,Raigad,Raigad,Maharashtra,Bhekryacha Kond,fuzzy,18.12479626577714,73.14505393475137
p0067,Goonj,Chitgaon,Mhasala,Raigad,Raigad,Maharashtra,Chirgaon,fuzzy,18.135910968527757,73.1372406820737
p0068,Goonj,Soveli,Mandangad,Ratnagiri,Ratnagiri,Maharashtra,Soveli,exact,17.903488659818194,73.32413442633163
p0069,Goonj,Akhar,Jawhar,Palghar,Palghar,Maharashtra,Akhar,exact,19.87983297842589,73.24279399168911
p0070,Goonj,tandulja,Latur,Latur,Latur,Maharashtra,Tandulja,exact,18.538612394974734,76.3014154059562
p0071,Goonj,"tiwaspada,khuded",Vikramgad,Palghar,Palghar,Maharashtra,Khuded,exact,19.83730471670843,73.15880540820021
p0072,Goonj,"dongaripada,sakhare",Vikramgad,Palghar,Palghar,Maharashtra,Sakhare,exact-block,19.807927381804713,73.1824460056828
p0073,Goonj,"borasepada,khuded",Vikramgad,Palghar,Palghar,Maharashtra,Khuded,exact,19.83730471670843,73.15880540820021
p0074,Goonj,"biraripada,khuded",Vikramgad,Palghar,Palghar,Maharashtra,Khuded,exact,19.83730471670843,73.15880540820021
p0075,Goonj,"Katkaripada,Akhar",Vikramgad,Palghar,Palghar,Maharashtra,Akhar,exact,19.87983297842589,73.24279399168911
p0076,Goonj,Mhasepada.Khuded,Vikramgad,Palghar,Palghar,Maharashtra,,block-centroid,19.840075390473757,73.07492158621544
p0077,Goonj,"Mahalepada,Khuded",Vikramgad,Palghar,Palghar,Maharashtra,Khuded,exact,19.83730471670843,73.15880540820021
p0078,Goonj,"Talechapada,shiroshi",Jawhar,Palghar,Palghar,Maharashtra,Shiroshi,exact,19.865078189071696,73.15920011843467
p0079,Goonj,"Barafpada,Sakhare",Vikramgad,Palghar,Palghar,Maharashtra,Sakhare,exact-block,19.807927381804713,73.1824460056828
p0080,Goonj,ghonase kansewadi,Mhasala,Raigad,Raigad,Maharashtra,,block-centroid,18.13329364191474,73.12553636739496
p0081,Goonj,barhanpur,Ausa,Latur,Latur,Maharashtra,Barhanpur,exact,18.27454329991036,76.42033624849525
p0082,Goonj,Adise sutarwadi,Mahad,Raigad,Raigad,Maharashtra,,block-centroid,18.11352669222422,73.42902930729412
p0083,Goonj,taleghar,Mandangad,Ratnagiri,Ratnagiri,Maharashtra,Taleghar,exact,17.960619689752775,73.33925957760279
p0084,Goonj,"gaothanpada,shiroshi",Jawhar,Palghar,Palghar,Maharashtra,Shiroshi,exact,19.865078189071696,73.15920011843467
p0085,Goonj,"Pawargalli,Gavhan",Renapur,Latur,Latur,Maharashtra,Gavhan,exact,18.50910202790317,76.55233399603803
p0086,Goonj,"Baudhanagar,Darji borgaon",Renapur,Latur,Latur,Maharashtra,Darji Borgaon,exact,18.499499885296537,76.5193373969481
p0087,Goonj,Bitargaon,Renapur,Latur,Latur,Maharashtra,Bitargaon,exact,18.580019958653935,76.55324483215774
p0088,Goonj,"Rupachandanagar,Renapur",Renapur,Latur,Latur,Maharashtra,Renapur,exact,18.52247660811901,76.60003120292944
p0089,Goonj,Sattarwadi,Latur,Latur,Latur,Maharashtra,,block-centroid,18.4394897561556,76.47610889747112
p0090,Goonj,"Talwadewadi,Talwade",Karjat,Raigad,Raigad,Maharashtra,Talwade,exact,19.03782773582249,73.348818145639
p0091,Goonj,"Damatwadi,Damat",Karjat,Raigad,Raigad,Maharashtra,Damat,exact,19.0514128134047,73.48527348689942
p0092,Goonj,"Ambewadi,Neral",Karjat,Raigad,Raigad,Maharashtra,Ambewadi,exact,18.403768906847866,73.20919059364462
p0093,Goonj,"gaothanpada,Kashivali",Jawhar,Palghar,Palghar,Maharashtra,,block-centroid,19.97011608333592,73.18807766086216
p0094,Goonj,"Maragpada,Kashivali",Jawhar,Palghar,Palghar,Maharashtra,,block-centroid,19.92605478368546,73.19184415011884
p0095,Goonj,"Katkaripada,Shiroshi",Jawhar,Palghar,Palghar,Maharashtra,Shiroshi,exact,19.865078189071696,73.15920011843467
p0096,Goonj,kasbetadwala,Kalamb,Dharashiv,Osmanabad,Maharashtra,,block-centroid,18.457322902757088,76.04377762122012
p0097,Goonj,Barmachiwadi,Kalamb,Dharashiv,Osmanabad,Maharashtra,Baramachiwadi,fuzzy,18.431335360661887,75.99291520860451
p0098,Goonj,"Rupachandanagar,Renapur",Renapur,Latur,Latur,Maharashtra,Renapur,exact,18.52247660811901,76.60003120292944
p0099,Goonj,"Kolgaon Tanda,Kolgaon",Renapur,Latur,Latur,Maharashtra,Kolgaon,exact,18.524509070126783,76.53368349918001
p0100,Goonj,Indartana,Renapur,Latur,Latur,Maharashtra,Indarthana,fuzzy,18.483650275618768,76.50661910732828
p0101,Goonj,"Asthana,Bhokaramba",Renapur,Latur,Latur,Maharashtra,Bhokaramba,exact,18.582076938169454,76.45063306740522
p0102,Goonj,Neharunagar,Renapur,Latur,Latur,Maharashtra,,block-centroid,18.563202787102647,76.57406520606325
p0103,Goonj,"Rajenagar,renapur",Renapur,Latur,Latur,Maharashtra,Renapur,exact,18.52247660811901,76.60003120292944
p0104,Goonj,Shera,Renapur,Latur,Latur,Maharashtra,Shera,exact,18.545754859376583,76.4949753112792
p0105,Goonj,Mohagaon,Renapur,Latur,Latur,Maharashtra,Mohgaon,fuzzy,18.715257791323648,76.74308314794008
p0106,Goonj,Harwadi,Renapur,Latur,Latur,Maharashtra,Harwadi,exact,18.469541380846863,76.61126472823773
p0107,Goonj,bawachi,Renapur,Latur,Latur,Maharashtra,Bawchi,fuzzy,18.551169534592603,76.53387660251532
p0108,Goonj,jawalaga,Renapur,Latur,Latur,Maharashtra,Jawalga,fuzzy,18.488387618892585,76.6317089387964
p0109,Goonj,ghansagar,Renapur,Latur,Latur,Maharashtra,,block-centroid,18.5654795423082,76.56981579736117
p0110,Goonj,kamkheda,Renapur,Latur,Latur,Maharashtra,Kamkheda,exact,18.596870221343295,76.58640952595283
p0111,Goonj,takalgaon,Renapur,Latur,Latur,Maharashtra,Takalgaon,exact-block,18.572106202717027,76.58050204621121
p0112,Goonj,selu,Renapur,Latur,Latur,Maharashtra,Selu,exact,18.286343278237933,76.55210628152253
p0113,Goonj,murdhav,Renapur,Latur,Latur,Maharashtra,Murdhav,exact,18.57502181098571,76.62873828391932
p0114,Goonj,bramhwadi,Renapur,Latur,Latur,Maharashtra,,block-centroid,18.56303444303454,76.54689098834007
p0115,Goonj,govindnagar,Renapur,Latur,Latur,Maharashtra,,block-centroid,18.6041264917513,76.60113807154097
p0116,Goonj,pangaon,Renapur,Latur,Latur,Maharashtra, ,exact-block,18.609310802254175,76.66008855529611
p0117,Goonj,selupati,Renapur,Latur,Latur,Maharashtra,,block-centroid,18.613335364021573,76.5818505181123
p0118,Goonj,Kharola,Renapur,Latur,Latur,Maharashtra,Kharola,exact,18.51900987879217,76.66982899074439
p0119,Goonj,Ramwadi,Renapur,Latur,Latur,Maharashtra,Ramwadi,exact-block,18.587465863331833,76.74949677005324
p0120,Goonj,talani,Renapur,Latur,Latur,Maharashtra,Talani,exact,18.071409301970007,76.54241105290684
p0121,Goonj,Niwada,Renapur,Latur,Latur,Maharashtra,Niwada,exact,18.52954544537624,76.51403959685916
p0122,Goonj,sanghavi,Renapur,Latur,Latur,Maharashtra,Sangvi,fuzzy,18.495384572580686,76.48258819869545
p0123,Goonj,Sindhagaon,Renapur,Latur,Latur,Maharashtra,Sindhgaon,fuzzy,18.51858771430592,76.48587893011423
p0124,Goonj,Andalgaon,Renapur,Latur,Latur,Maharashtra,Andalgaon,exact,18.517997275928785,76.46295344071679
p0125,Goonj,Sewadasnagar,Renapur,Latur,Latur,Maharashtra,Sevadasnagar,fuzzy,18.549596112595218,76.28071867003715
p0126,Goonj,Kolagaon ( Tanda),Renapur,Latur,Latur,Maharashtra,,block-centroid,18.586411246386515,76.5581155599105
p0127,Goonj,hake (Tanda),Renapur,Latur,Latur,Maharashtra,,block-centroid,18.566504553717778,76.59335978430478
p0128,Goonj,aakoli (kombadipada),Palghar,Palghar,Palghar,Maharashtra,,block-centroid,19.712637777015058,72.82609653062867
p0129,Goonj,kharonda (umbaran),Palghar,Palghar,Palghar,Maharashtra,Kharonda,exact,19.979871151837752,73.10601040581173
p0130,Goonj,chambharshet (fanaspada0,Palghar,Palghar,Palghar,Maharashtra,Chambharshet,exact,19.938570545087746,73.10085892191204
p0131,Goonj,hanmantwadi (2),Renapur,Latur,Latur,Maharashtra,Hanmantwadi,exact-block,18.512610405240444,76.90709182304154
p0132,Goonj,sarola,Renapur,Latur,Latur,Maharashtra,Sarola,exact-block,18.63188630649939,76.68683300132578
p0133,Goonj,kharonda ( mandvihara),Palghar,Palghar,Palghar,Maharashtra,Kharonda,exact,19.979871151837752,73.10601040581173
p0134,Goonj,kharonda ( shingarpada),Palghar,Palghar,Palghar,Maharashtra,Kharonda,exact,19.979871151837752,73.10601040581173
p0135,Goonj,tilonda (patarpada),Palghar,Palghar,Palghar,Maharashtra,,block-centroid,19.698619561636225,72.80918221587173
p0136,Goonj,bharhanpur (bhoyepada),Palghar,Palghar,Palghar,Maharashtra,,block-centroid,19.69126938456325,72.81354635735549
p0137,Goonj,sumathana (wadi),Renapur,Latur,Latur,Maharashtra,,block-centroid,18.583742909581968,76.57529761758643
p0138,Goonj,Samsapur (wadi),Renapur,Latur,Latur,Maharashtra,Samsapur,exact,18.535183899670738,76.56111729817005
p0139,Goonj,shelu khurd,Renapur,Latur,Latur,Maharashtra,,block-centroid,18.572801232808732,76.58008024734241
p0140,Goonj,karepur,Renapur,Latur,Latur,Maharashtra,Kadepur,fuzzy,18.600479109627386,76.69208770343941
p0141,Goonj,Arajkheda,Renapur,Latur,Latur,Maharashtra,Arajkheda,exact,18.47931845111039,76.53553984679645
p0142,Goonj,inderthana (wadi),Renapur,Latur,Latur,Maharashtra,,block-centroid,18.600183262516932,76.55111380737753
p0143,Goonj,Rupachandanagar,Renapur,Latur,Latur,Maharashtra,,block-centroid,18.55122318285347,76.59573206177953
p0144,Goonj,kumbhari,Renapur,Latur,Latur,Maharashtra,Kumbhari,exact,18.559200701406937,76.51176329468201
p0145,Goonj,Dhaveli,Renapur,Latur,Latur,Maharashtra,Dhaweli,fuzzy,18.557789767812146,76.70642544669096
p0146,Goonj,killarwadi,Ausa,Latur,Latur,Maharashtra,Killariwadi,fuzzy,18.040709150792622,76.54199633521802
p0147,Goonj,shingoli,Kalamb,Dharashiv,Osmanabad,Maharashtra,Shingoli,exact-block,18.415967088727946,76.00851607599016
p0148,Goonj,kumbharwadi,Renapur,Latur,Latur,Maharashtra,,block-centroid,18.5975582073879,76.6056766572015
p0149,Goonj,bhandarwadi,Kalamb,Dharashiv,Osmanabad,Maharashtra,Bhandarwadi,exact,18.288593581816148,76.19123180189868
p0150,Goonj,kumbhari,Renapur,Latur,Latur,Maharashtra,Kumbhari,exact,18.559200701406937,76.51176329468201
p0151,Goonj,davangaon,Renapur,Latur,Latur,Maharashtra,Dawangaon,fuzzy,18.586704291916885,76.51481615378185
p0152,Goonj,palshi,Renapur,Latur,Latur,Maharashtra,Palsi,fuzzy,18.592460508380988,76.48750484499507
p0153,Goonj,garsuli,Renapur,Latur,Latur,Maharashtra,Garsuli,exact,18.61074690674088,76.52735234820017
p0154,Goonj,Ravate,Palghar,Latur,Latur,Maharashtra,,block-centroid,19.67978632480518,72.82514731688433
p0155,Goonj,kashivali,Palghar,Latur,Latur,Maharashtra,,block-centroid,19.708477484631047,72.79632286633824
p0156,Goonj,khuded (mhasepada),Palghar,Latur,Latur,Maharashtra,,block-centroid,19.690230330149966,72.83249729944306
p0157,Goonj,iti,Renapur,Latur,Latur,Maharashtra,,block-centroid,18.57913178794975,76.55687105647372
p0158,Goonj,khandpur,Renapur,Latur,Latur,Maharashtra,Khanapur,fuzzy,18.577935156747404,76.49881066852777
p0159,Goonj,nagapur,Renapur,Latur,Latur,Maharashtra,Nagapur,exact,18.565716682063552,76.49141303950545
p0160,Goonj,wanjarwadi,Renapur,Latur,Latur,Maharashtra,Wanjarwadi,exact-block,18.780032777104623,76.89068869791953
p0161,Goonj,Samsapur tanda,Renapur,Latur,Latur,Maharashtra,,block-centroid,18.59263103707824,76.61156369173976
p0162,Goonj,meradi,Murbad,Thane,Thane,Maharashtra,Merdi,fuzzy,19.400400701386104,73.70828797709926
p0163,Goonj,modhwadi,Murbad,Thane,Thane,Maharashtra,,block-centroid,19.304602847864675,73.5374607000679
p0164,Goonj,fangluhi (khutarwadi),Murbad,Thane,Thane,Maharashtra,,block-centroid,19.239668805367543,73.53132977158232
p0165,Goonj,payarwadi,Renapur,Latur,Latur,Maharashtra,Patharwadi,fuzzy,18.592957052957725,76.62811476124882
p0166,Goonj,fangluhi (bhikarwadi),Murbad,Latur,Latur,Maharashtra,,block-centroid,19.25428916593679,73.54871825752299
p0167,Goonj,bhandarwadi,Renapur,Latur,Latur,Maharashtra,Bhandarwadi,exact,18.60193040819391,76.60939341533141
p0168,Goonj,"ware,navsuchi wadi",Karjat,Raigad,Raigad,Maharashtra,Ware,exact,19.067346432399045,73.39722129118007
p0169,Goonj,mategaon,Renapur,Latur,Latur,Maharashtra,Makegaon,fuzzy,18.65270192067244,76.69966528886418
p0170,Goonj,"patharaj,shilarwadi",Karjat,Raigad,Raigad,Maharashtra,,block-centroid,18.844610787016794,73.99597248530931
p0171,Goonj,chandgaon,Renapur,Latur,Latur,Maharashtra,Chandegaon,fuzzy,18.40047717664029,77.22243673545113
p0172,Goonj,tattapur,Renapur,Latur,Latur,Maharashtra,Tattapur,exact,18.635453361189523,76.53578886513303
p0173,Goonj,wala,Renapur,Latur,Latur,Maharashtra,Wala,exact-block,18.6219393289322,76.55864231224551
p0174,Goonj,wangadari,Renapur,Latur,Latur,Maharashtra,Wangdari,fuzzy,18.560352549401845,76.4000484895599
p0175,Goonj,faratpur,Renapur,Latur,Latur,Maharashtra,Faradpur,fuzzy,18.601063035087705,76.54465613363665
p0176,Goonj,lakhmapur,Renapur,Latur,Latur,Maharashtra,Lakhamapur,fuzzy,18.603807021551784,76.4751085173359
p0177,Goonj,Jogan chincholi,Latur,Latur,Latur,Maharashtra,,block-centroid,18.439444783229156,76.46335024681018
p0178,Goonj,sukani,Renapur,Latur,Latur,Maharashtra,Sukani,exact-block,18.692130807620416,76.71344851574851
p0179,Goonj,sai,Latur,Latur,Latur,Maharashtra,Sai,exact,18.481437790760875,76.55633372656007
p0180,Goonj,"Pimpalshet,Boripada",Jawhar,Palghar,Palghar,Maharashtra,Pimpalshet,exact,19.95948186127101,73.1198833967963
p0181,Goonj,"Pimpalshet,gaothanpada",Jawhar,Palghar,Palghar,Maharashtra,Pimpalshet,exact,19.95948186127101,73.1198833967963
p0182,Goonj,aasawale,Mandangad,ratnagiri,Ratnagiri,Maharashtra,Asawale,fuzzy,18.024964416298317,73.19724006923718
p0183,Goonj,musalewadi,Renapur,latur,Latur,Maharashtra,Muslewadi,fuzzy,18.664994949769827,76.62406404535874
p0184,Goonj,narwatwadi,Renapur,latur,Latur,Maharashtra,Narwatwadi,exact,18.792718980930296,76.84243707549373
p0185,Goonj,anandwadi,Renapur,latur,Latur,Maharashtra,Anandwadi,exact-block,18.740902311953555,76.93316410133696
p0186,Goonj,"pednekarwadi,kangavai",Dapoli,ratnagiri,Ratnagiri,Maharashtra,Kangavai,exact,17.896256886174356,73.20490152565432
p0187,Goonj,khalangri,Renapur,latur,Latur,Maharashtra,Khalangri,exact,18.629514290421046,76.71670925704713
p0188,Goonj,koshtgaon,Renapur,latur,Latur,Maharashtra,Kostagaon,fuzzy,18.677878114410195,76.70099038806352
p0189,Goonj,godhala,Renapur,latur,Latur,Maharashtra,Godhala,exact,18.65864457686839,76.73061491361973
p0190,Goonj,akharachiwadi,Renapur,latur,Latur,Maharashtra,,block-centroid,18.54885556771791,76.57089555781215
p0191,Goonj,vhati,Renapur,latur,Latur,Maharashtra,,block-centroid,18.61012838788585,76.57395401204856
p0192,Goonj,"vhati,vhati (pada)",Renapur,latur,Latur,Maharashtra,,block-centroid,18.551035654147764,76.5900561281807
p0193,Goonj,sirsai,Ausa,latur,Latur,Maharashtra,Sirsal,fuzzy,18.09106787281051,76.57836359195532
p0194,Goonj,"pimpalshet,viharipada",Jawhar,Palghar,Palghar,Maharashtra,Pimpalshet,exact,19.95948186127101,73.1198833967963
p0195,Goonj,Divegaon,Renapur,latur,Latur,Maharashtra,Divegaon,exact,18.65817435180943,76.67345912876756
p0196,Goonj,yashwantwadi,Renapur,latur,Latur,Maharashtra,Yeshwant Wadi,fuzzy,18.59140627358277,76.66689718765731
p0197,Goonj,sewanagar,Renapur,latur,Latur,Maharashtra,,block-centroid,18.566354238265134,76.5493439180169
p0198,Goonj,"ankur,ravatepada",Dahanu,Palghar,Palghar,Maharashtra,,block-centroid,20.00608357788733,72.85766583684882
p0199,Goonj,Malegaon,Renapur,latur,Latur,Maharashtra,Makegaon,fuzzy,18.65270192067244,76.69966528886418
p0200,Goonj,"divegaon,lahanewadi",Renapur,latur,Latur,Maharashtra,Lahanewadi,exact,18.666175251598133,76.68243043387288
p0201,Goonj,"wala, walewadi",Renapur,latur,Latur,Maharashtra,Wala,exact-block,18.6219393289322,76.55864231224551
p0202,Goonj,"pimpalshet,vadappada",Jawhar,palghar,Palghar,Maharashtra,Pimpalshet,exact,19.95948186127101,73.1198833967963
p0203,Goonj,"pimpalshet,pagipada",Jawhar,palghar,Palghar,Maharashtra,Pimpalshet,exact,19.95948186127101,73.1198833967963
p0204,Goonj,khandaroli tarfe vankhalwadi,Khalapur,raigad,Raigad,Maharashtra,,block-centroid,18.84868260727195,73.23778298678397
p0205,Goonj,"panave,baudhawadi",Mhasala,raigad,Raigad,Maharashtra,Panave,exact,18.063168290360693,73.12308587545112
p0206,Goonj,"govindnagar,manusamarwadi",Renapur,latur,Latur,Maharashtra,,block-centroid,18.57961034978752,76.53881573024455
p0207,Goonj,dighol (deshapande),Renapur,latur,Latur,Maharashtra,Dighol,exact,18.39681581319293,76.91612864587778
p0208,Goonj,"sayyadpur,sayyadpur (Budruk)",Renapur,latur,Latur,Maharashtra,Sayyadpur,exact,18.28581515961202,76.9438794449943
p0209,Goonj,muthavali,Mahad,raigad,Raigad,Maharashtra,Muthavali,exact,18.060535969395485,73.39611420615996
p0210,Goonj,Rangamatia,Bangriposi,Mayurbhanj,Mayurbhanj,Odisha,Rangamatia,exact-block,22.085981856148692,86.45998288994646
p0211,Goonj,Kusumbandh (Dungrisahi),Bangriposi,Mayurbhanj,Mayurbhanj,Odisha,Kusumbandh,exact,22.523669695692046,86.06896995454655
p0212,Goonj,Jagannathpur,Kuliana,Mayurbhanj,Mayurbhanj,Odisha,Jagannathpur,exact-block,22.005004480037044,86.69275255728607
p0213,Goonj,Jhilidam,Kuliana,Mayurbhanj,Mayurbhanj,Odisha,Jhilidam,exact-block,22.055626776643404,86.57950556895396
p0214,Goonj,Kripasahi,Bangriposi,Mayurbhanj,Mayurbhanj,Odisha,,block-centroid,22.071238548116927,86.5286199167447
p0215,Goonj,Marchagada,Bangriposi,Mayurbhanj,Mayurbhanj,Odisha,,block-centroid,22.113875448881235,86.51021927040688
p0216,Goonj,"Juha, Gadasahi",Bangriposi,Mayurbhanj,Mayurbhanj,Odisha,Juha,exact,22.005388864643635,86.52322658566852
p0217,Goonj,Kantasola,Bangriposi,Mayurbhanj,Mayurbhanj,Odisha,Kantasola,exact-block,22.34091150866372,86.15132840104457
p0218,Goonj,Kripaduma (Chirugada),Bangriposi,Mayurbhanj,Mayurbhanj,Odisha,Kripaduma,exact,22.03541405889595,86.53156959800049
p0219,Goonj,Badgaon,Bangriposi,Mayurbhanj,Mayurbhanj,Odisha,Badgan,fuzzy,22.01346086905409,86.50964150777116
p0220,Goonj,Asanshikhar,Bangriposi,Mayurbhanj,Mayurbhanj,Odisha,Asansikhar,fuzzy,22.119934640024187,86.37832593593808
p0221,Goonj,Gidhibosha,Kuliana,Mayurbhanj,Mayurbhanj,Odisha,,block-centroid,22.036909274832908,86.71354846875248
p0222,Goonj,Kandalia,Bangriposi,Mayurbhanj,Mayurbhanj,Odisha,kandalia,exact-block,22.079017377942503,86.54172951149755
p0223,Goonj,Mudrajodi,Shamakhunta,Mayurbhanj,Mayurbhanj,Odisha,Mudrajodi,exact,22.022637932321825,86.59982563117096
p0224,Goonj,Betjharan,Bangriposi,Mayurbhanj,Mayurbhanj,Odisha,Betjharan,exact-block,22.06112807289197,86.42239299676919
p0225,Goonj,Purusotampur,Bangriposi,Mayurbhanj,Mayurbhanj,Odisha,Purusotampur,exact,22.062520016671712,86.55899904622518
p0226,Goonj,Alubani (Gothanida),Bangriposi,Mayurbhanj,Mayurbhanj,Odisha,Gothanida,exact,22.052610312160176,86.48610434411938
p0227,Goonj,Jhilidam,Bangriposi,Mayurbhanj,Mayurbhanj,Odisha,Jhilidam,exact-block,22.124439619135035,86.52393522257135
p0228,Goonj,Alubani,Shamakhunta,Mayurbhanj,Mayurbhanj,Odisha,Alubani,exact,22.00645022836265,86.59684056683437
p0229,Goonj,Ramharipur,Bangriposi,Mayurbhanj,Mayurbhanj,Odisha,Ramharipur,exact,22.018167839900272,86.55441292666512
p0230,Goonj,Jagannathpur,Kuliana,Mayurbhanj,Mayurbhanj,Odisha,Jagannathpur,exact-block,22.005004480037044,86.69275255728607
p0231,Goonj,Sadheikola,Bangriposi,Mayurbhanj,Mayurbhanj,Odisha,Sadheikala,fuzzy,22.045138493800646,86.50371764611369
p0232,Goonj,Tangiabosa,Bangriposi,Mayurbhanj,Mayurbhanj,Odisha,Tangiabasa,fuzzy,22.05875353363356,86.50621321629401
p0233,Goonj,Alubani Uparsahi,Shamakhunta,Mayurbhanj,Mayurbhanj,Odisha,,district-centroid,22.036583618777616,86.45784814619428
p0234,Goonj,Sunaposi,Bangriposi,Mayurbhanj,Mayurbhanj,Odisha,Sunaposi,exact-block,22.036166164190146,86.51085223008549
p0235,Goonj,Ragadihi,Bangriposi,Mayurbhanj,Mayurbhanj,Odisha,Nagadihi,fuzzy,22.213871016195966,86.7133179526744
p0236,Goonj,Alubani Majhisahi,Shamakhunta,Mayurbhanj,Mayurbhanj,Odisha,,district-centroid,21.8501099097921,86.43392974721506
p0237,Goonj,Hillblock,Bangriposi,Mayurbhanj,Mayurbhanj,Odisha,Hillblock,exact-block,22.050387809281695,86.52274591196087
p0238,Goonj,Kurkutia,Bangriposi,Mayurbhanj,Mayurbhanj,Odisha,Kurkutia,exact,22.030151756457865,86.17213792701887
p0239,Goonj,Bhulagadia,Bangriposi,Mayurbhanj,Mayurbhanj,Odisha,Bholagadia,fuzzy,22.115169484408067,86.46606671831387
p0240,Goonj,Bhulagadia (Bandhasahi),Bangriposi,Mayurbhanj,Mayurbhanj,Odisha,Bandhasahi,exact,21.855628311618865,86.87566154757968
p0241,Goonj,Kanchhinda Mohakudsahi,Bangriposi,Mayurbhanj,Mayurbhanj,Odisha,,block-centroid,22.114654191905284,86.50071882659994
p0242,Goonj,Patbeda,Bangriposi,Mayurbhanj,Mayurbhanj,Odisha,Patbeda,exact,22.111648043362162,86.56752421575807
p0243,Goonj,Gothanida,Bangriposi,Mayurbhanj,Mayurbhanj,Odisha,Gothanida,exact,22.052610312160176,86.48610434411938
p0244,Goonj,Sundisahi,Bangriposi,Mayurbhanj,Mayurbhanj,Odisha,Sundhisahi,fuzzy,22.123323194015125,86.48065044282747
p0245,Goonj,Gutuma,Mohana,Gajapati,Gajapati,Odisha,Gutuma,exact,19.480273620058686,84.35749766310924
p0246,Goonj,Kalingi,Mohana,Gajapati,Gajapati,Odisha,Kalinga,fuzzy,18.949339388693218,84.31519986495059
p0247,Goonj,Alagipadara,Mohana,Gajapati,Gajapati,Odisha,,block-centroid,19.471866476857397,84.2046317530461
p0248,Goonj,Nuagaon,Guma,Gajapati,Gajapati,Odisha,Nuagan,fuzzy,19.328799334798603,84.10046706593945
p0249,Goonj,Ragajuli,Nuagada,Gajapati,Gajapati,Odisha,,block-centroid,19.165348959074343,84.10139841964248
p0250,Goonj,Elasara colony,Rayagada,Gajapati,Gajapati,Odisha,,block-centroid,19.003334671341804,83.77133600252735
p0251,Goonj,Kanchhinda,Bangriposi,Mayurbhanj,Mayurbhanj,Odisha,Kanchhinda,exact,22.08793222253516,86.4465404676364
p0252,Goonj,Kumbhirmundi,Bangriposi,Mayurbhanj,Mayurbhanj,Odisha,Kumbhirmundi,exact-block,22.07071411755471,86.41775654281969
p0253,Goonj,Astabeda,Bangriposi,Mayurbhanj,Mayurbhanj,Odisha,Astabeda,exact,22.0788941437181,86.44164611009602
p0254,Goonj,Bad Nedam,Bangriposi,Mayurbhanj,Mayurbhanj,Odisha,Badnedam,fuzzy,22.070310970691008,86.45311082206673
p0255,Goonj,Laxmiposi,Bangriposi,Mayurbhanj,Mayurbhanj,Odisha,Laxmiposi,exact-block,22.165588269308632,86.56935084804068
p0256,Goonj,Domuhani,Bangriposi,Mayurbhanj,Mayurbhanj,Odisha,Dumuhani,fuzzy,22.056574885686658,86.3910612237799
p0257,Goonj,Charabandh,Bangriposi,Mayurbhanj,Mayurbhanj,Odisha,Charabandh,exact,22.011814332333156,86.37192577004829
p0258,Goonj,Ghatiduba,Bangriposi,Mayurbhanj,Mayurbhanj,Odisha,Ghatiduba,exact,22.06876665591795,86.43473046226559
p0259,Goonj,Patasila,Bangriposi,Mayurbhanj,Mayurbhanj,Odisha,Palasia,fuzzy,22.177365225403886,86.61933154275167
p0260,Goonj,Tulasibani,Bangriposi,Mayurbhanj,Mayurbhanj,Odisha,Tulasibani,exact-block,21.969426151868646,86.15493980789952
p0261,Goonj,Bhagabandh,Bangriposi,Mayurbhanj,Mayurbhanj,Odisha,Bhagabandh,exact,22.40876623434227,86.05983973059644
p0262,Goonj,Kusumbandh (Nuadihi),Bangriposi,Mayurbhanj,Mayurbhanj,Odisha,Kusumbandh,exact,22.523669695692046,86.06896995454655
p0263,Goonj,Kadamadiha,Bangriposi,Mayurbhanj,Mayurbhanj,Odisha,Kadamdiha,fuzzy,22.123313353201244,86.6108536545153
p0264,Goonj,Salghati,Bangriposi,Mayurbhanj,Mayurbhanj,Odisha,Salghati,exact,22.03503526409282,86.37609348382868
p0265,Goonj,Hathibhari,Bangriposi,Mayurbhanj,Mayurbhanj,Odisha,Hatibari,fuzzy,22.064979287902634,86.41131147749552
p0266,Goonj,Sarabania,Bangriposi,Mayurbhanj,Mayurbhanj,Odisha,Sarbania,fuzzy,22.06184626921379,86.40414545947137
p0267,Goonj,Chakdar Nuasahi,Bangriposi,Mayurbhanj,Mayurbhanj,Odisha,,block-centroid,22.12246779817507,86.49891534419615
p0268,Goonj,Chakdar,Bangriposi,Mayurbhanj,Mayurbhanj,Odisha,Chakdar,exact,22.051864418138727,86.53800442162306
p0269,Goonj,Ghatiduba Chatursahi,Bangriposi,Mayurbhanj,Mayurbhanj,Odisha,,block-centroid,22.126582868841382,86.52076849698655
p0270,Goonj,Rangamatia (Dukhiasahi),Bangriposi,Mayurbhanj,Mayurbhanj,Odisha,Rangamatia,exact-block,22.085981856148692,86.45998288994646
p0271,Goonj,Gohirapal,Bangriposi,Mayurbhanj,Mayurbhanj,Odisha,Gohirapal,exact,22.120690043726306,86.47318685904264
p0272,Goonj,Kamalpur,Bangriposi,Mayurbhanj,Mayurbhanj,Odisha,Kamalpur,exact-block,22.154184535289033,86.57198191804014
p0273,Goonj,Astabeda (Mohakudsahi),Bangriposi,Mayurbhanj,Mayurbhanj,Odisha,Astabeda,exact,22.0788941437181,86.44164611009602
p0274,Goonj,Astabeda Patrasahi,Bangriposi,Mayurbhanj,Mayurbhanj,Odisha,,block-centroid,22.08828215431369,86.50753402919212
p0275,Goonj,Salabani,Bangriposi,Mayurbhanj,Mayurbhanj,Odisha,Salabani,exact-block,22.121230223465982,86.5981320248052
p0276,Goonj,Dhadipani,Bangriposi,Mayurbhanj,Mayurbhanj,Odisha,Dhadipani,exact,22.0258248337455,86.37792197259648
p0277,Goonj,Khadambeda (Kalhasahi),Bisoi,Mayurbhanj,Mayurbhanj,Odisha,Khadambeda,exact,22.16896260476224,86.44173695022769
p0278,Goonj,Kitabeda Mandirasahi,Bisoi,Mayurbhanj,Mayurbhanj,Odisha,,block-centroid,22.120264543406382,86.30872923353567
p0279,Goonj,Khadambeda (Badasahi),Bisoi,Mayurbhanj,Mayurbhanj,Odisha,Khadambeda,exact,22.16896260476224,86.44173695022769
p0280,Goonj,Khadambeda (Parsildihi),Bisoi,Mayurbhanj,Mayurbhanj,Odisha,Khadambeda,exact,22.16896260476224,86.44173695022769
p0281,Goonj,Kalapathar,Bangriposi,Mayurbhanj,Mayurbhanj,Odisha,Kalapathar,exact-block,22.029690457725277,86.55283285138444
p0282,Goonj,Khadambeda (Budhiasahi),Bisoi,Mayurbhanj,Mayurbhanj,Odisha,Khadambeda,exact,22.16896260476224,86.44173695022769
p0283,Goonj,Kitabeda (Badasahi),Bisoi,Mayurbhanj,Mayurbhanj,Odisha,Kitabeda,exact,22.154753506700363,86.43679516327504
p0284,Goonj,Balichua (Totokamora),Bisoi,Mayurbhanj,Mayurbhanj,Odisha,Balichua,exact,21.353037720979792,86.40321766275896
p0285,Goonj,Ghatkuanri,Bangriposi,Mayurbhanj,Mayurbhanj,Odisha,Ghatkuanri,exact,22.05187561251843,86.37948085384372
p0286,Goonj,Beguniabandh,Bangriposi,Mayurbhanj,Mayurbhanj,Odisha,Beguniabandh,exact,22.039124306841074,86.3488789623196
p0287,Goonj,Talbandh (Mahuldiha),Bangriposi,Mayurbhanj,Mayurbhanj,Odisha,Mahuldiha,exact-block,21.514604344310065,86.54317930083137
p0288,Goonj,Charabandh Toto sahi),Bangriposi,Mayurbhanj,Mayurbhanj,Odisha,,block-centroid,22.099452320597955,86.51554784824135
p0289,Goonj,Brahmangaon Majhisahi,Bangriposi,Mayurbhanj,Mayurbhanj,Odisha,,block-centroid,22.083353049022925,86.5190573359437
p0290,Goonj,Ghatiduba Adasahi,Bnagriposi,Mayurbhanj,Mayurbhanj,Odisha,,district-centroid,21.856369177999127,86.48578341726932
p0291,Goonj,Deopata,Bisoi,Mayurbhanj,Mayurbhanj,Odisha,Deopata,exact,22.172861621257564,86.46229457104442
p0292,Goonj,Sanbalichua,Bisoi,Mayurbhanj,Mayurbhanj,Odisha,Sanbalichua,exact,22.159214663345637,86.45985083143542
p0293,Goonj,Brahmangaon,Bangriposi,Mayurbhanj,Mayurbhanj,Odisha,Brahmangan,fuzzy,22.085375393141984,86.63267450116342
p0294,Goonj,Bautia,Bangriposi,Mayurbhanj,Mayurbhanj,Odisha,Bautia,exact,22.077128672569025,86.4277076075125
p0295,Goonj,Panduda (Biralabosa),Bisoi,Mayurbhanj,Mayurbhanj,Odisha,Panduda,exact,22.18461562399402,86.4258128949445
p0296,Goonj,Argalabindha,Bisoi,Mayurbhanj,Mayurbhanj,Odisha,Argalbindha,fuzzy,22.191834677684742,86.43958205403042
p0297,Goonj,Bhanpur ( Godi ),Chhoti Sarwan,Banswara,Banswara,Rajasthan,,block-centroid,23.582604433317574,74.66925420090439
p0298,Goonj,Teja ji Fala ( Tejpur ),Chhoti Sarwan,Banswara,Banswara,Rajasthan,Pathanpura,exact-block,23.625720592957382,74.44777667586278
p0299,Goonj,Barbali,Jhadol,Udaipur,Udaipur,Rajasthan,Barbali,exact,24.37679572588076,73.38908161829924
p0300,Goonj,Pipalimala (Damana ),Jhadol,Udaipur,Udaipur,Rajasthan,Damana Talab,exact-block,24.341536091573342,73.4283928140259
p0301,Goonj,Ramer Talab,Dhariyawad,Pratapgarh,Pratapgarh,Rajasthan,,district-centroid,24.057379160386333,74.65783683930442
p0302,Goonj,Bhiliya Talab,Banswara,Banswara,Banswara,Rajasthan,,block-centroid,23.459884251671834,74.51380260502992
p0303,Goonj,Barvala Machhar,Banswara,Banswara,Banswara,Rajasthan,,block-centroid,23.465356126527894,74.48781507695928
p0304,Goonj,Sapora,Talwara,Banswara,Banswara,Rajasthan,,block-centroid,23.580875172471774,74.38974938078604
p0305,Goonj,Charkani,Kushalgarh,Banswara,Banswara,Rajasthan,Charkani,exact-block,23.323383738246058,74.39405982314149
p0306,Goonj,Bichhawara,Kushalgarh,Banswara,Banswara,Rajasthan,Bichhawara,exact-block,23.31309893226058,74.36318132212728
p0307,Goonj,Maida Fala Seengpura,Banswara,Banswara,Banswara,Rajasthan,,block-centroid,23.450250530678236,74.49224885890727
p0308,Goonj,Barwala Rajiya,Banswara,Banswara,Banswara,Rajasthan,Barwara Rajeeya,fuzzy,23.347006981219966,74.48165636395258
p0309,Goonj,Karnal,Dhariyawad,Pratapgarh,Pratapgarh,Rajasthan,Karmal Kalan,fuzzy,24.116495470714487,74.50662643539019
p0310,Goonj,Shreeguda,Dhariyawad,Pratapgarh,Pratapgarh,Rajasthan,,district-centroid,24.057802337130493,74.79844483206142
p0311,Goonj,Badi Bhandla,Dhariyawad,Pratapgarh,Pratapgarh,Rajasthan,,district-centroid,23.93798396710317,74.59213323447761
p0312,Goonj,Sundargaon,Talwara,Banswara,Banswara,Rajasthan,,block-centroid,23.56519155853194,74.40990775133064
p0313,Goonj,Bhantalai,Ghari,Banswara,Banswara,Rajasthan,,district-centroid,23.43152174510899,74.24298465630368
p0314,Goonj,Kalanala,Banswara,Banswara,Banswara,Rajasthan,Kalanala,exact,23.409863886612495,74.51784261643057
p0315,Goonj,Dhodhawali,Jhadol,Udaipur,Udaipur,Rajasthan,Dhadhawali,fuzzy,24.53170571646435,73.45991329658453
p0316,Goonj,Manda Khet ( Dhodhawali ),Jhadol,Udaipur,Udaipur,Rajasthan,,block-centroid,24.388741273254823,73.42769615564771
p0317,Goonj,Paliyakheda,Jhadol,Udaipur,Udaipur,Rajasthan,Paliya Khera,fuzzy,24.375867869621924,73.53175260361996
p0318,Goonj,Saldari,Jhadol,Udaipur,Udaipur,Rajasthan,Saldari,exact,24.357076213175073,73.55020535175979
p0319,Goonj,Sandlai,Kushalgarh,Banswara,Banswara,Rajasthan,Sandlai,exact,23.30376452245437,74.39051987804761
p0320,Goonj,Ghata,Kushalgarh,Banswara,Banswara,Rajasthan,Ghata,exact,23.304528036493153,74.41840269044782
p0321,Goonj,Umar Jhokha,Kushalgarh,Banswara,Banswara,Rajasthan,Umar Jhonka,fuzzy,23.263721573667542,74.50616102232267
p0322,Goonj,Rangi,Sajjangarh,Banswara,Banswara,Rajasthan,Ranagi,exact-block,23.257057469539113,74.36188120372196
p0323,Goonj,Mediya Dindore,Banswara,Banswara,Banswara,Rajasthan,,block-centroid,23.467544181583158,74.53549362883298
p0324,Goonj,Ambapada,Banswara,Banswara,Banswara,Rajasthan, ,fuzzy,23.268419299426913,74.4003119300235
p0325,Goonj,Danta,Pipalkhunt,Pratapgarh,Pratapgarh,Rajasthan,Danta,exact,23.724079324028768,74.53729094800829
p0326,Goonj,Amliyapada ( Danta ),Pipalkhunt,Pratapgarh,Pratapgarh,Rajasthan,Danta,exact,23.724079324028768,74.53729094800829
p0327,Goonj,Kudipada ( Danta ),Pipalkhunt,Pratapgarh,Pratapgarh,Rajasthan,Danta,exact,23.724079324028768,74.53729094800829
p0328,Goonj,Khunta,Dhariyawad,Pratapgarh,Pratapgarh,Rajasthan,,district-centroid,24.081380530209113,74.80004191540239
p0329,Goonj,Chhoti Pali,Kushalgarh,Banswara,Banswara,Rajasthan,Chhoti Mala,fuzzy,23.556840767069573,74.54467381806586
p0330,Goonj,Khatela,Kushalgarh,Banswara,Banswara,Rajasthan, ,fuzzy,23.260864223972103,74.38251276285284
p0331,Goonj,Bhanji Bavji ( Bori p ),Pipalkhunt,Pratapgarh,Pratapgarh,Rajasthan,,district-centroid,23.93988383959987,74.76893595977546
p0332,Goonj,Lamba dabra,Pipalkhunt,Pratapgarh,Pratapgarh,Rajasthan, ,fuzzy,23.84415164660554,74.62713315061093
p0333,Goonj,Bhagtod,Pipalkhunt,Pratapgarh,Pratapgarh,Rajasthan,,district-centroid,24.0034347568894,74.79651863716641
p0334,Goonj,Palawada,Jhadol,Udaipur,Udaipur,Rajasthan,Palawara,fuzzy,24.336577298697303,73.54756867349747
p0335,Goonj,Khardiya,Jhadol,Udaipur,Udaipur,Rajasthan,Khardiya,exact,24.292388776205733,73.45723233383558
p0336,Goonj,Sakpura,Jhadol,Udaipur,Udaipur,Rajasthan,Sagpura,fuzzy,24.380545174421623,73.44557132179155
p0337,Goonj,Badliya,Talwara,Banswara,Banswara,Rajasthan,Tatiya,exact-block,23.617830637546763,74.36314522164746
p0338,Goonj,Rojiya,Talwara,Banswara,Banswara,Rajasthan,Roonjiya,exact,23.538895058872367,74.73487158333775
p0339,Goonj,Hira Beeldi,Sajjangarh,Banswara,Banswara,Rajasthan,,block-centroid,23.247022525363956,74.30662948478538
p0340,Goonj,Osara & Jaspura,Sajjangarh,Banswara,Banswara,Rajasthan,,block-centroid,23.2468527447885,74.30453530737279
p0341,Goonj,Wadi,Pipalkhunt,Pratapgarh,Pratapgarh,Rajasthan,,district-centroid,23.902472534225094,74.68355877880224
p0342,Goonj,Kunwadaiya,Ghari,Banswara,Banswara,Rajasthan,Kunwaliya,fuzzy,23.541659328390114,74.04674684488509
p0343,Goonj,( Medla fala ) Jogdimaal,Kushalgarh,Banswara,Banswara,Rajasthan,,block-centroid,23.19033849480839,74.524045468426
p0344,Goonj,Borpada,Banswara,Banswara,Banswara,Rajasthan,,block-centroid,23.477550765506,74.52509316994167
p0345,Goonj,Jhamri,Sajjangarh,Banswara,Banswara,Rajasthan,Jhamri,exact,23.296725871720437,74.36639088264728
p0346,Goonj,Chor Parnala,Sajjangarh,Banswara,Banswara,Rajasthan,Chor-Parnala,exact,23.272974519321956,74.37864051975026
p0347,Goonj,Vidiya dev,Sajjangarh,Banswara,Banswara,Rajasthan,,block-centroid,23.194565660500874,74.29512478311341
p0348,Goonj,Dhadki,Sajjangarh,Banswara,Banswara,Rajasthan,Dharki,fuzzy,23.310223732663616,74.37746143061246
p0349,Goonj,Bednpada,Jhadol,Udaipur,Udaipur,Rajasthan,Beranpara,fuzzy,24.238862735841078,73.52784979829298
p0350,Goonj,Pargiyapada,Jhadol,Udaipur,Udaipur,Rajasthan,,block-centroid,24.410478236249787,73.43461233743892
p0351,Goonj,Jhatpura,Jhadol,Udaipur,Udaipur,Rajasthan,,block-centroid,24.42870090704149,73.41513237164618
p0352,Goonj,Ambapura,Banswara,Banswara,Banswara,Rajasthan, ,exact,23.438288222810424,74.52696561945108
p0353,Goonj,Fatehpura,Banswara,Banswara,Banswara,Rajasthan,Fatehpura,exact,23.44892402871628,74.53353618464214
p0354,Goonj,Maskachhota,Sajjangarh,Banswara,Banswara,Rajasthan,,block-centroid,23.222916092460167,74.32557665817082
p0355,Goonj,Maskabada,Sajjangarh,Banswara,Banswara,Rajasthan,,block-centroid,23.21022819502588,74.30299367489678
p0356,Goonj,Borpikhada,Ghatol,Banswara,Banswara,Rajasthan,,block-centroid,23.777613589612226,74.42463881739542
p0357,Goonj,Biharipura,Sajjangarh,Banswara,Banswara,Rajasthan,Biharipura,exact,23.234087942462583,74.43431821981748
p0358,Goonj,Bakaner,Sajjangarh,Banswara,Banswara,Rajasthan,Bakaner,exact-block,23.243099745970927,74.39974023726958
p0359,Goonj,Prathvipura,Pipalkhunt,Pratapgarh,Pratapgarh,Rajasthan, ,fuzzy,23.67618523110515,74.63916873806485
p0360,Goonj,Morvaniya,Pipalkhunt,Pratapgarh,Pratapgarh,Rajasthan,Morwaniya,fuzzy,23.768764589991417,74.58456991169533
p0361,Goonj,Damjhara,Anadpuri,Banswara,Banswara,Rajasthan,Dam Jhara,fuzzy,23.414229058713303,74.05425005141807
p0362,Goonj,Tamtiya,Anadpuri,Banswara,Banswara,Rajasthan,Tamtiya,exact-block,23.3977563396408,74.06276837770508
p0363,Goonj,Tandi badi & Tandi Chhoti,Sajjangarh,Banswara,Banswara,Rajasthan,,block-centroid,23.213482856170792,74.2879444819488
p0364,Goonj,Vagda,Jhadol,Udaipur,Udaipur,Rajasthan,Bagda,exact,24.85810999131467,73.54424337996917
p0365,Goonj,Borkhabr,Banswara,Banswara,Banswara,Rajasthan,Bor Khabar,fuzzy,23.38472384467599,74.46257947895778
p0366,Goonj,Loarda,Garhi,Banswara,Banswara,Rajasthan,Lorda,fuzzy,23.606764180715995,74.23828733194878
p0367,Goonj,Saketa,Garhi,Banswara,Banswara,Rajasthan,,block-centroid,23.619962869213836,74.20536276201342
p0368,Goonj,Purana Tanda,Garhi,Banswara,Banswara,Rajasthan,,block-centroid,23.61978142343209,74.2130436186781
p0369,Goonj,Mahadev Fala ( Danta ),Pipalkhunt,Banswara,Banswara,Rajasthan,,district-centroid,23.53476210226268,74.37694789566035
p0370,Goonj,Chaanimahudi,Banswara,Banswara,Banswara,Rajasthan,,block-centroid,23.42073070436468,74.49771822474568
p0371,Goonj,Khediya,Sajjangarh,Banswara,Banswara,Rajasthan,Kheriya,fuzzy,23.247544049143126,74.34888533042424
p0372,Goonj,Dabrapada,Arthuna,Banswara,Banswara,Rajasthan,,block-centroid,23.468136836700886,74.13132257246544
p0373,Goonj,Kunwaliya,Arthuna,Banswara,Banswara,Rajasthan,Kunwaliya,exact,23.541659328390114,74.04674684488509
p0374,Goonj,Senala,Arthuna,Banswara,Banswara,Rajasthan,,block-centroid,23.487222995721112,74.14703760785731
p0375,Goonj,Ranagi,Banswara,Banswara,Banswara,Rajasthan,Rangi,exact-block,23.337491329725122,74.43973824593405
p0376,Goonj,Kheda vadalipada,Banswara,Banswara,Banswara,Rajasthan,,block-centroid,23.47061208482789,74.53883145969033
p0377,Goonj,Annpura,Banswara,Banswara,Banswara,Rajasthan,,block-centroid,23.439043899272612,74.467079428113
p0378,Goonj,Virpur,Banswara,Banswara,Banswara,Rajasthan,,block-centroid,23.463397748256895,74.49869338282429
p0379,Goonj,Sajjanpura,Garhi,Banswara,Banswara,Rajasthan,,block-centroid,23.643353058903294,74.21069986060799
p0380,Goonj,Lalupada,Banswara,Banswara,Banswara,Rajasthan,Laloopara,fuzzy,23.483017591404177,74.56879908314728
p0381,Goonj,Timarupada,Banswara,Banswara,Banswara,Rajasthan,,block-centroid,23.448773750464166,74.486261699963
p0382,Goonj,Boriya,Banswara,Banswara,Banswara,Rajasthan,Boriya,exact-block,23.459552038627155,74.57185647688559
p0383,Goonj,Ruparel,Banswara,Banswara,Banswara,Rajasthan,Rooparel,fuzzy,23.39047389985667,74.53116196339703
p0384,Goonj,Vadalipada manji,Banswara,Banswara,Banswara,Rajasthan,,block-centroid,23.474337336369427,74.4887708368208
p0385,Goonj,Saaga,Banswara,Banswara,Banswara,Rajasthan,Sanga,fuzzy,23.444858821452808,74.42215481549245
p0386,Goonj,Bhura kooaa,Banswara,Banswara,Banswara,Rajasthan,,block-centroid,23.464755034823995,74.48300164615131
p0387,Goonj,Ghoti ki dodi,Sajjangarh,Banswara,Banswara,Rajasthan,,block-centroid,23.208885345215432,74.32858128317532
p0388,Goonj,Bhuriya Holi,Pipalkhunt,Pratapgarh,Pratapgarh,Rajasthan,Bhooriya Holi,fuzzy,23.67605069310094,74.721474125197
p0389,Goonj,Bori,Pipalkhunt,Pratapgarh,Pratapgarh,Rajasthan,Bori,exact-block,23.734037962425052,74.5684285797415
p0390,Goonj,Koondaa,Sajjangarh,Banswara,Banswara,Rajasthan,,block-centroid,23.183381776198992,74.3062593473561
p0391,Goonj,Chittoda khalsa,Sajjangarh,Banswara,Banswara,Rajasthan,,block-centroid,23.253725153719092,74.30903021266982
p0392,Goonj,Kalyanpura,Banswara,Banswara,Banswara,Rajasthan,Kalyanpura,exact,23.464455412855283,74.49892159695726
p0393,Goonj,Kharavali,Banswara,Banswara,Banswara,Rajasthan,Kharwali,fuzzy,23.474162433474795,74.49213722905263
p0394,Goonj,Devagad,Banswara,Banswara,Banswara,Rajasthan,,block-centroid,23.45660975503443,74.46484877940449
p0395,Goonj,Navatapara,Banswara,Banswara,Banswara,Rajasthan,Nawa Tapra Deva,exact,23.430562233189935,74.58838880618451
p0396,Goonj,Ranibani,Banswara,Banswara,Banswara,Rajasthan,Rani Bani,exact,23.440044743415882,74.48148561836462
p0397,Goonj,Maanapura,Banswara,Banswara,Banswara,Rajasthan,Manpura,fuzzy,23.44064879844258,74.51662915489082
p0398,Goonj,Kesarpura,Banswara,Banswara,Banswara,Rajasthan,Kesarpura,exact-block,23.492870426563616,74.50769867460093
p0399,Goonj,Umarikhal,Banswara,Banswara,Banswara,Rajasthan,,block-centroid,23.42946279869907,74.48362962921301
p0400,Goonj,Khandiyadeva,Banswara,Banswara,Banswara,Rajasthan,Khandiya Deo,fuzzy,23.491596476217754,74.53994438684344
p0401,Goonj,Salarapada,Banswara,Banswara,Banswara,Rajasthan,Salrapara,fuzzy,23.52763935926473,74.68549458703747
p0402,Goonj,Navakheda,Banswara,Banswara,Banswara,Rajasthan,Nawa Khera,fuzzy,23.541117942794838,74.7684281335839
p0403,Goonj,Padala bavasi,Banswara,Banswara,Banswara,Rajasthan,,block-centroid,23.472084797989282,74.50369938928449
p0404,Goonj,Bhurighati,Banswara,Banswara,Banswara,Rajasthan,Bhoori-Ghati,fuzzy,23.286975409822112,74.30146227892413
p0405,Goonj,Bhagatapada,Banswara,Banswara,Banswara,Rajasthan,,block-centroid,23.46804824271698,74.51004446560628
p0406,Goonj,Semaliya,Banswara,Banswara,Banswara,Rajasthan,Semliya,exact,23.503279708973178,74.56427897480482
p0407,Goonj,Lodha jaageer,Banswara,Banswara,Banswara,Rajasthan,Lodha Jageer,fuzzy,23.493886799850536,74.55525699627172
p0408,Goonj,Kundala khurd,Banswara,Banswara,Banswara,Rajasthan,Kundla Khurd,fuzzy,23.505325506233852,74.53432867141012
p0409,Goonj,Sarvarpura,Banswara,Banswara,Banswara,Rajasthan,Sarwarpura,fuzzy,23.53338794486183,74.48217681843852
p0410,Goonj,Kundala kala,Banswara,Banswara,Banswara,Rajasthan,Kundla Kalan,fuzzy,23.521751239202647,74.53575448823494
p0411,Goonj,Tola Piprasol,Chakai,Jamui,Jamui,Bihar,,block-centroid,24.552035359662796,86.45378982441807
p0412,Goonj,"Sirsiya Mohanpur. Tola Hariharpur, Tola Lakara",Chakai,Jamui,Jamui,Bihar,,block-centroid,24.546294498681945,86.41048996913693
p0413,Goonj,Tola Banpokhra,Chakai,Jamui,Jamui,Bihar,Tola Banpokhar,fuzzy,24.62164129845035,86.46548765711002
p0414,Goonj,Tola Murali Bhatisar,Chakai,Jamui,Jamui,Bihar,,block-centroid,24.537218889777787,86.42264498578794
p0415,Goonj,Raani-3,Bachhwara,Begusarai,Begusarai,Bihar,,block-centroid,25.599860302077744,85.89451098021915
p0416,Goonj,Garhsisai,Vidhiyapatinagar,Samastipur,Samastipur,Bihar,GarhSisai,exact,25.631906848540037,85.78738662714827
p0417,Goonj,Gaunaucheck,Vidhiyapatinagar,Samastipur,Samastipur,Bihar,,district-centroid,25.883390235127184,85.85445197395484
p0418,Goonj,Dadupur Raani tola,Bachhwara,Begusarai,Begusarai,Bihar,,block-centroid,25.565967308015342,85.89917587741047
p0419,Goonj,Ganpataul,Mansurchek,Begusarai,Begusarai,Bihar,Ganpataul,exact,25.627358251914327,85.92244377634549
p0420,Goonj,Bathnaha,Nirmali,Supaul,Supaul,Bihar,Bathnaha,exact,26.439146272205534,86.79329395562903
p0421,Goonj,Dagmara,Nirmali,Supaul,Supaul,Bihar,Dagmara,exact,26.406370804462423,86.74888753486917
p0422,Goonj,Laxmipur Mushari,Lakhnaur,Madhubani,Madhubani,Bihar,,block-centroid,26.229379901635436,86.36163196838778
p0423,Goonj,Gangapur Mushari,Lakhnaur,Madhubani,Madhubani,Bihar,,block-centroid,26.201597975987344,86.29601377965564
p0424,Goonj,Karunatar,Bachhwara,Begusarai,Begusarai,Bihar,,block-centroid,25.544188050606788,85.87679974740581
p0425,Goonj,Tola Pirari,Sono,Jamui,Jamui,Bihar,Tola Panari,fuzzy,24.6321661560749,86.30173575606163
p0426,Goonj,Tola Khori,Chakai,Jamui,Jamui,Bihar,Tola Khori,exact,24.637095261317484,86.43550403735823
p0427,Goonj,Ramsungh Dih,Chakai,Jamui,Jamui,Bihar,Ramsinghdih,fuzzy,24.654101516707392,86.50147968923828
p0428,Goonj,Ghutwe & Mohanpur,Chakai,Jamui,Jamui,Bihar,,block-centroid,24.5905236539392,86.4112941047348
p0429,Goonj,Dhanway,Chakai,Jamui,Jamui,Bihar,Tola Dhanwe,fuzzy,24.406332632413175,86.42270683619921
p0430,Goonj,Motisinh Dih,Chakai,Jamui,Jamui,Bihar,,block-centroid,24.57347267277226,86.41650215056085
p0431,Goonj,Sonapur,Nirmali,Supaul,Supaul,Bihar,Sonapur,exact,26.434257405281194,86.9430533544661
p0432,Goonj,Theho Aanandpur,Nirmali,Supaul,Supaul,Bihar,,block-centroid,26.390852711530375,86.7081221963721
p0433,Goonj,Chutiyahi,Nirmali,Supaul,Supaul,Bihar,,block-centroid,26.35236480250079,86.70915719091191
p0434,Goonj,Parri,Dhanshyampur,Darbhanga,Darbhanga,Bihar,,district-centroid,26.164280368874334,86.05391484960049
p0435,Goonj,Binjhi,Sono,Jamui,Jamui,Bihar,Tola Binjhi,exact-block,24.740938205936057,86.31688712042883
p0436,Goonj,Tola Karmatar,Chakai,Jamui,Jamui,Bihar,Tola Karmatanr,fuzzy,24.404947498319068,86.43160329118803
p0437,Goonj,Tola Darbedih,Chakai,Jamui,Jamui,Bihar,Tola Darbedih,exact,24.573559312232998,86.43634407252252
p0438,Goonj,Nagazari,Renapur,latur,Latur,Maharashtra,,block-centroid,18.56085426921833,76.58108694259134
p0439,Goonj,Raywadi,Renapur,latur,Latur,Maharashtra,,block-centroid,18.598000052596003,76.57943933483232
p0440,Goonj,Jevali,Renapur,latur,Latur,Maharashtra,Jewali,fuzzy,18.46422131237158,76.49355714135602
p0441,Goonj,Vahoor,Mahad,raigad,Raigad,Maharashtra,Wahoor,fuzzy,18.09539083293045,73.3791253763815
p0442,Goonj,Harangul,Renapur,latur,Latur,Maharashtra,,block-centroid,18.588239547999958,76.54816432162792
p0443,Goonj,Takali,Renapur,latur,Latur,Maharashtra,Takli,exact,17.98157923997255,76.83344638524424
p0444,Goonj,sai,Renapur,latur,Latur,Maharashtra,Sai,exact,18.481437790760875,76.55633372656007
p0445,Goonj,Borawati,Renapur,latur,Latur,Maharashtra,Borwati,fuzzy,18.45217003836087,76.5839177880973
p0446,Goonj,"Shirse,Tamnathwdi",Karjat,Raigad,Raigad,Maharashtra,,block-centroid,18.7976168396246,73.96612424386939
p0447,Goonj,Chandeshwar,Renapur,latur,Latur,Maharashtra,Chandeshwar,exact,18.340463327637533,76.56158456675024
p0448,Goonj,pakharsangavi,Renapur,latur,Latur,Maharashtra,Pakharsangvi,fuzzy,18.383707188713878,76.51710538148562
p0449,Goonj,Vaswadi,Renapur,latur,Latur,Maharashtra,,block-centroid,18.578226071892942,76.54728414829117
p0450,Goonj,Warawanti,Renapur,latur,Latur,Maharashtra,,block-centroid,18.57910588402241,76.58266973719093
p0451,Goonj,Bhopan Pandhari,Dapoli,ratnagiri,Ratnagiri,Maharashtra,,block-centroid,17.77014708878363,73.20327955113164
p0452,Goonj,Kasargaon,Renapur,latur,Latur,Maharashtra,Kasargaon,exact,18.437539285315268,76.59067448244052
p0453,Goonj,Chandeshwar,Renapur,latur,Latur,Maharashtra,Chandeshwar,exact,18.340463327637533,76.56158456675024
p0454,Goonj,Khopegaon,Renapur,latur,Latur,Maharashtra,Khopegaon,exact,18.36087725953329,76.56740075751122
p0455,Goonj,waswadi,Renapur,latur,Latur,Maharashtra,,block-centroid,18.581061865116638,76.57737761205281
p0456,Goonj,pakharsangavi,Renapur,latur,Latur,Maharashtra,Pakharsangvi,fuzzy,18.383707188713878,76.51710538148562
p0457,Goonj,"kinhavali,kombadipada",Dahanu,palghar,Palghar,Maharashtra,,block-centroid,19.982284730793026,72.86670024861125
p0458,Goonj,"Ukshipada,dehare",Jawhar,palghar,Palghar,Maharashtra,Dehare,exact,20.00034059485435,73.17331913140326
p0459,Goonj,Khadgaon,Renapur,latur,Latur,Maharashtra,Khadgaon,exact,18.39328564541166,76.54411482786158
p0460,Goonj,Karas,Renapur,latur,Latur,Maharashtra,Karsa,fuzzy,18.512059999345848,76.44729111272281
p0461,Goonj,dabhose,Jawhar,palghar,Palghar,Maharashtra,Dabhose,exact,20.014064746409744,73.2036139958305
p0462,Goonj,"Vadhupada,dabhose",Jawhar,palghar,Palghar,Maharashtra,Dabhose,exact,20.014064746409744,73.2036139958305
p0463,Goonj,Devgaon,Jawhar,Palghar,Palghar,Maharashtra,Devgaon,exact-block,19.983054921912668,73.16810455415389
p0464,Goonj,Kadgaon,Renapur,latur,Latur,Maharashtra,,block-centroid,18.587759252597234,76.59432369966633
p0465,Goonj,Ruirameshwar,Renapur,latur,Latur,Maharashtra,,block-centroid,18.565952034363434,76.5637960777677
p0466,Goonj,Bhuisamundra,Renapur,latur,Latur,Maharashtra,,block-centroid,18.596059676333464,76.58596932250103
p0467,Goonj,Bhuisamundra,Renapur,latur,Latur,Maharashtra,,block-centroid,18.56067014106261,76.57429258128451
p0468,Goonj,Tandulwadi,Renapur,latur,Latur,Maharashtra,Tandulwadi,exact,18.46433710928934,76.44758680815008
p0469,Goonj,Babhalgaon,Renapur,latur,Latur,Maharashtra,Babhalgaon,exact,18.375351949472098,76.63253689386764
p0470,Goonj,Bhadgaon,Renapur,latur,Latur,Maharashtra,Bhadgaon,exact,18.40958989320723,76.68442503703695
p0471,Goonj,"Dehare,Borichamal",Jawhar,Palghar,Palghar,Maharashtra,Dehare,exact,20.00034059485435,73.17331913140326
p0472,Goonj,"kamadipada,dabhose",Jawhar,Palghar,Palghar,Maharashtra,Dabhose,exact,20.014064746409744,73.2036139958305
p0473,Goonj,"khadkipada,dehare",Jawhar,Palghar,Palghar,Maharashtra,Dehare,exact,20.00034059485435,73.17331913140326
p0474,Goonj,Bhatangali,Renapur,latur,Latur,Maharashtra,Bhatangali,exact,18.44739637213544,76.68353910700841
p0475,Goonj,bhadi,Renapur,latur,Latur,Maharashtra,Bhadi,exact,18.460986136409034,76.7035124306556
p0476,Goonj,"Dehare,umbarichapada",Jawhar,palghar,Palghar,Maharashtra,Dehare,exact,20.00034059485435,73.17331913140326
p0477,Goonj,Khulgapur,Renapur,latur,Latur,Maharashtra,Khulgapur,exact,18.451581982107136,76.61087936413806
p0478,Goonj,Sangavi Budruk,Renapur,latur,Latur,Maharashtra,,block-centroid,18.561927431705488,76.60550300092021
p0479,Goonj,Bamni,Renapur,latur,Latur,Maharashtra,Bamni,exact-block,18.48477358249186,76.68844379712732
p0480,Goonj,Basawantpur,Renapur,latur,Latur,Maharashtra,Baswantpur,fuzzy,18.423975899945276,76.54802820536413
p0481,Goonj,Ekurga,Renapur,latur,Latur,Maharashtra,Ekurga,exact,18.35234150577904,76.3533743884788
p0482,Goonj,Ganjur,Renapur,latur,Latur,Maharashtra,Ganjur,exact-block,18.476457566680992,76.71930796476327
p0483,Goonj,"chambharshet,vangadpada",Jawhar,palghar,Palghar,Maharashtra,Chambharshet,exact,19.938570545087746,73.10085892191204
p0484,Goonj,"alkapur,pimpalpada",Jawhar,palghar,Palghar,Maharashtra,Alkapur,exact,20.03766630763713,73.10331679720046
p0485,Goonj,"kharonda,gaothanpada",Jawhar,palghar,Palghar,Maharashtra,Kharonda,exact,19.979871151837752,73.10601040581173
p0486,Goonj,dhoki,Renapur,latur,Latur,Maharashtra,Dhoki,exact,18.481725934847084,76.38921508334164
p0487,Goonj,Aarvi,Renapur,latur,Latur,Maharashtra,Aari,fuzzy,18.340452110750405,76.7909723183735
p0488,Goonj,bhada,Renapur,latur,Latur,Maharashtra,Bhada,exact,18.26751490522588,76.38877799174332
p0489,Goonj,bhatangali,Renapur,latur,Latur,Maharashtra,Bhatangali,exact,18.44739637213544,76.68353910700841
p0490,Goonj,bhatangali,Renapur,latur,Latur,Maharashtra,Bhatangali,exact,18.44739637213544,76.68353910700841
p0491,Goonj,tad,Renapur,latur,Latur,Maharashtra,,block-centroid,18.60613975926973,76.58336018062812
p0492,Goonj,bhati,Renapur,latur,Latur,Maharashtra,Bhadi,fuzzy,18.460986136409034,76.7035124306556
p0493,Goonj,bhatkheda,Renapur,latur,Latur,Maharashtra,Bhatkheda,exact,18.433000340768093,76.66259507265764
p0494,Goonj,dhanori,Renapur,latur,Latur,Maharashtra,Dhanori,exact,18.322777256742107,76.41216792636817
p0495,Goonj,hiparagga,Renapur,latur,Latur,Maharashtra,,block-centroid,18.59308045179545,76.55367968478528
p0496,Goonj,ramegaon,Renapur,latur,Latur,Maharashtra,Ramegaon,exact-block,18.402829917489147,76.36090656706365
p0497,Goonj,gondegaon,Renapur,latur,Latur,Maharashtra,Gondegaon,exact,18.428581125657114,76.34653640727021
p0498,Goonj,shivani,Renapur,latur,Latur,Maharashtra,,block-centroid,18.60042530299704,76.55917735016216
p0499,Goonj,"Divashi,Chinchpada",Dahanu,palghar,Palghar,Maharashtra,,block-centroid,19.951460311318154,72.88076598227259
p0500,Goonj,ashiv,Renapur,latur,Latur,Maharashtra,Ashiv,exact,18.096819770572623,76.34857554000553
p0501,Goonj,boparla,Renapur,latur,Latur,Maharashtra,Bopala,fuzzy,18.333855829024255,76.38190267847777
p0502,Goonj,uti,Renapur,latur,Latur,Maharashtra,,block-centroid,18.59683580686422,76.5644528532072
p0503,Goonj,bandhaghar.meghapada,Dahanu,palghar,Palghar,Maharashtra,,block-centroid,19.956494402608733,72.87686755096836
p0504,Goonj,"bandhaghar,patilpada",Dahanu,palghar,Palghar,Maharashtra,Patilpada,exact-block,20.0672338405953,73.08105263340906
p0505,Goonj,gunjoti,Renapur,latur,Latur,Maharashtra,Gunjoti,exact,18.688721260575274,76.7405406996832
p0506,Goonj,Rukhe,Dapoli,ratnagiri,Ratnagiri,Maharashtra,Rukhi,fuzzy,17.687092090625093,73.30431030689174
p0507,Goonj,"divshi,chamalpada",Dahanu,palghar,Palghar,Maharashtra,,block-centroid,19.9643799301632,72.85217361968328
p0508,Goonj,"Dabhalon,gundhunpada",Dahanu,palghar,Palghar,Maharashtra,,block-centroid,19.996142107768357,72.86054041920872
p0509,Goonj,kopara,Renapur,latur,Latur,Maharashtra,Kopra,fuzzy,18.7048282248496,76.80222608034603
p0510,Goonj,bhadgaon,Renapur,latur,Latur,Maharashtra,Bhadgaon,exact,18.40958989320723,76.68442503703695
p0511,Goonj,tapsi,Renapur,latur,Latur,Maharashtra,,block-centroid,18.565622012690678,76.54246890341068
p0512,Goonj,kajla,Dharashiv,dharashiv,Osmanabad,Maharashtra,Karla,fuzzy,18.404290508297468,75.43301525998935
p0513,Goonj,gaur,Kalamb,dharashiv,Osmanabad,Maharashtra,Gaur,exact,18.41841380028815,75.97255865844701
p0514,Goonj,Argalabindha (Schoolsahi),Bisoi,Mayurbhanj,Mayurbhanj,Odisha,,block-centroid,22.093444504956164,86.32205116841973
p0515,Goonj,Jhilidam Bandhsahi,Kuliana,Mayurbhanj,Mayurbhanj,Odisha,,block-centroid,22.071535409076287,86.6704525252294
p0516,Goonj,Masanabila,Bangriposi,Mayurbhanj,Mayurbhanj,Odisha,Masinabila,fuzzy,22.043635916369112,86.47217946505323
p0517,Goonj,Gopalpur,Bangriposi,Mayurbhanj,Mayurbhanj,Odisha,Gopalpur,exact-block,22.090508086388255,86.49716207033791
p0518,Goonj,Ghatiduba School sahi,Bangriposi,Mayurbhanj,Mayurbhanj,Odisha,,block-centroid,22.11072343830267,86.484465526735
p0519,Goonj,Bhagabandh Schoolsahi,Bangriposi,Mayurbhanj,Mayurbhanj,Odisha,,block-centroid,22.082212070016947,86.55211733016847
p0520,Goonj,Kanchhinda Bhuadihi,Bangriposi,Mayurbhanj,Mayurbhanj,Odisha,,block-centroid,22.080236417935083,86.49191220149794
p0521,Goonj,Atnabeda,Bangriposi,Mayurbhanj,Mayurbhanj,Odisha,Hatnabeda,fuzzy,22.168562049876204,86.27895997110635
p0522,Goonj,Sinduria,Joshipur,Mayurbhanj,Mayurbhanj,Odisha,Sinduria,exact-block,22.03126987109614,86.13106481637807
p0523,Goonj,Baliaban,Joshipur,Mayurbhanj,Mayurbhanj,Odisha,Baliaban,exact,22.051215595039682,86.09583241409952
p0524,Goonj,Chakidi (Naiksahi),Joshipur,Mayurbhanj,Mayurbhanj,Odisha,Chakidi,exact-block,22.029205538322227,86.11129882387924
p0525,Goonj,Jamda (Beldisahi),Joshipur,Mayurbhanj,Mayurbhanj,Odisha,Jamda,exact-block,21.95320868759943,86.04095503795462
p0526,Goonj,Gondirabeda,Joshipur,Mayurbhanj,Mayurbhanj,Odisha,Gandirabeda,fuzzy,22.040573626443027,86.10991986916574
p0527,Goonj,Palasabani,Bangriposi,Mayurbhanj,Mayurbhanj,Odisha,Palasabani,exact,21.495338261498855,86.53461149719213
p0528,Goonj,Sorisapal,Bangriposi,Mayurbhanj,Mayurbhanj,Odisha,Sorisapal,exact,22.054101969513344,86.40870009370984
p0529,Goonj,Sorisapal (Dehurisahi),Bangriposi,Mayurbhanj,Mayurbhanj,Odisha,Sorisapal,exact,22.054101969513344,86.40870009370984
p0530,Goonj,Sorisapal (Lamasahi),Bangriposi,Mayurbhanj,Mayurbhanj,Odisha,Sorisapal,exact,22.054101969513344,86.40870009370984
p0531,Goonj,Baunspahadi,Bangriposi,Mayurbhanj,Mayurbhanj,Odisha,Baunsapahadi,fuzzy,22.046554407945653,86.4000948687837
p0532,Goonj,San Nedam,Bnagriposi,Mayurbhanj,Mayurbhanj,Odisha,Sannedam,fuzzy,22.066794143826673,86.4590518605559
p0533,Goonj,Samapada,Banswara,Banswara,Banswara,Rajasthan,Samapara,fuzzy,23.485115314967672,74.49803435027846
p0534,Goonj,Bortalab,Banswara,Banswara,Banswara,Rajasthan,Bortalab,exact,23.516353467747493,74.52152073294228
p0535,Goonj,Fatehapura,Banswara,Banswara,Banswara,Rajasthan,Fatehpura,fuzzy,23.44892402871628,74.53353618464214
p0536,Goonj,Kangarh,Dalot,Pratapgarh,Pratapgarh,Rajasthan,Kangarh,exact,23.603002390079507,74.79250602135362
p0537,Goonj,Parnala,Dalot,Pratapgarh,Pratapgarh,Rajasthan,,block-centroid,23.65595261263653,74.79497029725755
p0538,Goonj,Suli,Kushalgarh,Banswara,Banswara,Rajasthan,Tali,fuzzy,23.671041155888734,74.2131849105884
p0539,Goonj,Ukala,Kushalgarh,Banswara,Banswara,Rajasthan,Ukala,exact,23.151497613311584,74.3946614009292
p0540,Goonj,Khadadev,Banswara,Banswara,Banswara,Rajasthan,Khardeo,fuzzy,23.484542125861847,74.51716693711506
p0541,Goonj,Surajipada,Banswara,Banswara,Banswara,Rajasthan,Surjipara,fuzzy,23.4612433668505,74.53527654955144
p0542,Goonj,Bhatapura,Banswara,Banswara,Banswara,Rajasthan,Bhatpura,fuzzy,23.472376570022103,74.53273074111006
p0543,Goonj,Raghunathpura,Banswara,Banswara,Banswara,Rajasthan,Raghunathpura,exact,23.472232288758104,74.53888315046703
p0544,Goonj,Pagadi,Banswara,Banswara,Banswara,Rajasthan,Pagari,exact,23.477973065423456,74.52877021394801
p0545,Goonj,Lodhagariya,Banswara,Banswara,Banswara,Rajasthan,Lodha Gariyan,fuzzy,23.483292418939275,74.55202453017536
p0546,Goonj,Navatapara,Banswara,Banswara,Banswara,Rajasthan,Nawa Tapra Deva,exact,23.430562233189935,74.58838880618451
p0547,Goonj,Tagupipali,Banswara,Banswara,Banswara,Rajasthan,Tagu Pipli,fuzzy,23.445723055430662,74.54693961230086
p0548,Goonj,Vakhat pura,Banswara,Banswara,Banswara,Rajasthan,Bakhat Pura,fuzzy,23.537237545538332,74.18804703842828
p0549,Goonj,Jhupel,Banswara,Banswara,Banswara,Rajasthan,Jhoopel,exact,23.439017834611818,74.44546753593679
p0550,Goonj,Vadlipada,Sajjangarh,Banswara,Banswara,Rajasthan,,block-centroid,23.229390792916927,74.29466224469554
p0551,Goonj,Chhiyasath,Sajjangarh,Banswara,Banswara,Rajasthan,Chhiya Sath,fuzzy,23.159991113488548,74.3110634567097
p0552,Goonj,Jambudi,Banswara,Banswara,Banswara,Rajasthan,Jamburi,fuzzy,23.2394672060999,74.20093806221622
p0553,Goonj,Ganau,Banswara,Banswara,Banswara,Rajasthan,Ganaoo,exact,23.45793932673069,74.46296970892266
p0554,Goonj,Bhojiya kala,Banswara,Banswara,Banswara,Rajasthan,Bhojiya Kalan,fuzzy,23.438158402916127,74.46706370958478
p0555,Goonj,Kachalikhora,Banswara,Banswara,Banswara,Rajasthan,,block-centroid,23.478961634297388,74.51115473157157
p0556,Goonj,Damarvasha,Banswara,Banswara,Banswara,Rajasthan,,block-centroid,23.43973183701785,74.49597153243495
p0557,Goonj,Paniyala,Banswara,Banswara,Banswara,Rajasthan,Paniyala,exact,23.462501287701475,74.44019938405002
p0558,Goonj,Bhutiyadungari,Banswara,Banswara,Banswara,Rajasthan,,block-centroid,23.462271400141724,74.52245465003075
p0559,Goonj,Bokadaakhora,Banswara,Banswara,Banswara,Rajasthan,,block-centroid,23.452076700665614,74.4801046228337
p0560,Goonj,Rana,Dhamotar,Pratapgarh,Pratapgarh,Rajasthan,Rana,exact,24.219950597277403,74.4934700561162
p0561,Goonj,Bandelapada,Banswara,Banswara,Banswara,Rajasthan,,block-centroid,23.4780765011254,74.46730790573389
p0562,Goonj,Kaali dungari,Banswara,Banswara,Banswara,Rajasthan,,block-centroid,23.477155882815833,74.53390816740317
p0563,Goonj,Bodadungara,Banswara,Banswara,Banswara,Rajasthan,,block-centroid,23.45513686760891,74.46340736153927
p0564,Goonj,Badalipada 1st,Banswara,Banswara,Banswara,Rajasthan,,block-centroid,23.423298713257804,74.50553319901009
p0565,Goonj,Badalipada 2nd,Banswara,Banswara,Banswara,Rajasthan,,block-centroid,23.497540632035474,74.50715651115718
p0566,Goonj,Bhapor,Banswara,Banswara,Banswara,Rajasthan,Bhapor,exact,23.51286549187425,74.45015512017139
p0567,Goonj,Dhabelapada,Banswara,Banswara,Banswara,Rajasthan,,block-centroid,23.4943117551241,74.48403246038208
p0568,Goonj,Chhatrasalpur,Banswara,Banswara,Banswara,Rajasthan,,block-centroid,23.486828864827178,74.47414134355975
p0569,Goonj,Sangaripada,Banswara,Banswara,Banswara,Rajasthan,,block-centroid,23.4273613961769,74.51726357045614
p0570,Goonj,New basti kundala saliya,Banswara,Banswara,Banswara,Rajasthan,,block-centroid,23.438064748831504,74.47772201093883
p0571,Goonj,Vidiyapada,Banswara,Banswara,Banswara,Rajasthan,Kheriya Para,fuzzy,23.215277809555396,74.59927814144248
p0572,Goonj,Ghandhi Nagar,Banswara,Banswara,Banswara,Rajasthan,,block-centroid,23.45580458711783,74.46875880294665
p0573,Goonj,Gauvapada,Banswara,Banswara,Banswara,Rajasthan,Gauwapara,fuzzy,23.428809065075715,74.40678092107966
p0574,Goonj,Jagata ravat ka pada,Banswara,Banswara,Banswara,Rajasthan,Jagtarawat Ka Parda,fuzzy,23.425209969390394,74.39421192294763
p0575,Goonj,Ratanpura,Banswara,Banswara,Banswara,Rajasthan,Ratan Pura Kaliya,exact-block,23.45656257512813,74.53164620421052
p0576,Goonj,Kundala basti Survaniya,Banswara,Banswara,Banswara,Rajasthan,,block-centroid,23.429064608990863,74.49539077669064
p0577,Goonj,Taadi mahudi,Banswara,Banswara,Banswara,Rajasthan,,block-centroid,23.491970888279596,74.49545357473862
p0578,Goonj,Bijaliya,Banswara,Banswara,Banswara,Rajasthan,Kajaliya,fuzzy,23.42309316453213,74.15395886637165
p0579,Goonj,Nadiya,Banswara,Banswara,Banswara,Rajasthan,Nadiya,exact-block,23.47333830695358,74.60500551769874
p0580,Goonj,Gulabapura,Banswara,Banswara,Banswara,Rajasthan,,block-centroid,23.448179663303964,74.4883296705995
p0581,Goonj,Saaliya,Banswara,Banswara,Banswara,Rajasthan,Saliya,fuzzy,23.372086407984526,74.43473435075663
p0582,Goonj,Siyapur,Banswara,Banswara,Banswara,Rajasthan,Siyapur,exact,23.4880443076007,74.39774620952923
p0583,Goonj,Kakanaseja,Banswara,Banswara,Banswara,Rajasthan,Kakanseja,fuzzy,23.58514178619836,74.52836124554939
p0584,Goonj,Lalpura,Banswara,Banswara,Banswara,Rajasthan,Lalpura,exact-block,23.53993798803986,74.57266889679057
p0585,Goonj,Talaipala ( Baba Kheda ),Dhamotar,Pratapgarh,Pratapgarh,Rajasthan,,block-centroid,24.15010771541868,74.73862065219726
p0586,Goonj,Bilkawas,Dhariyawad,Pratapgarh,Pratapgarh,Rajasthan,Bilka Bas,exact,24.11678522513302,74.48851428639925
p0587,Goonj,Bilkawas ( Uplafala ),Dhariyawad,Pratapgarh,Pratapgarh,Rajasthan,Bilka Bas,exact,24.11678522513302,74.48851428639925
p0588,Goonj,Palodara,Banswara,Banswara,Banswara,Rajasthan,Palodara,exact,23.505229005135536,74.41259316453639
p0589,Goonj,Limathan,Banswara,Banswara,Banswara,Rajasthan,Leemthan,fuzzy,23.458014401446093,74.42011259698594
p0590,Goonj,Dungaripada,Banswara,Banswara,Banswara,Rajasthan,Doongri Para,fuzzy,23.182699978844376,74.38933011216335
p0591,Goonj,Mokhadiya mahuda,Banswara,Banswara,Banswara,Rajasthan,,block-centroid,23.498047730059042,74.48838902796297
p0592,Goonj,Faasari Mahudi,Banswara,Banswara,Banswara,Rajasthan,,block-centroid,23.428642696040995,74.5235205076726
p0593,Goonj,Kachalapada,Banswara,Banswara,Banswara,Rajasthan,,block-centroid,23.483658399478355,74.46860977707755
p0594,Goonj,Chanderi,Kushalgarh,Banswara,Banswara,Rajasthan,Chanderi,exact,23.270133946511457,74.42045576138247
p0595,Goonj,Roopakheda,Sajjangarh,Banswara,Banswara,Rajasthan,Roopa Khera,fuzzy,23.402458840502202,74.12043699955002
p0596,Goonj,Toraniya,Banswara,Banswara,Banswara,Rajasthan,,block-centroid,23.428788380025285,74.47693840866933
p0597,Goonj,Singapura,Banswara,Banswara,Banswara,Rajasthan,Seengpura,fuzzy,23.49728064561862,74.47333029110695
p0598,Goonj,Samayipura,Banswara,Banswara,Banswara,Rajasthan,Samaipura,fuzzy,23.520340923493237,74.47306968181458
p0599,Goonj,Mandelapada,Arthuna,Banswara,Banswara,Rajasthan,,block-centroid,23.519552291872593,74.07458402542518
p0600,Goonj,Haaliya mahuda( arthuna),Arthuna,Banswara,Banswara,Rajasthan,Arthoona,exact,23.496707658505642,74.09196777163501
p0601,Goonj,Bhatkhedi ( sajjangarh),Sajjangarh,Banswara,Banswara,Rajasthan,,block-centroid,23.236053867516123,74.32717502601362
p0602,Goonj,Harendragarh ( sajjangarh),Sajjangarh,Banswara,Banswara,Rajasthan,Harendar-Garh,exact,23.195684042651564,74.32880782076262
p0603_0,Vaagdhara,Ramgarh,Kushalgarh & Sajjangarh,Bansawara,Banswara,Rajasthan,Ramgarh,exact-block,23.14298357645548,74.47947925007686
p0603_1,Vaagdhara,Kheta Bari,Kushalgarh & Sajjangarh,Bansawara,Banswara,Rajasthan,,district-centroid,23.48834397299623,74.27350770351102
p0603_2,Vaagdhara,Tambesara,Kushalgarh & Sajjangarh,Bansawara,Banswara,Rajasthan,Tambesara,exact,23.259843768444938,74.35308286504338
p0604_0,Vaagdhara,Devda sad,"Ghatol,Kushalgarh,Sajjangarh,Peepalkhunt And Gangadtalai","Banswara,Pratapgarh and Ratlam",Banswara,Rajasthan,,district-centroid,23.357818799903324,74.24428780433284
p0604_1,Vaagdhara,Ramgarh,"Ghatol,Kushalgarh,Sajjangarh,Peepalkhunt And Gangadtalai","Banswara,Pratapgarh and Ratlam",Banswara,Rajasthan,Ramgarh,exact-block,23.14298357645548,74.47947925007686
p0604_2,Vaagdhara,Chuli para,"Ghatol,Kushalgarh,Sajjangarh,Peepalkhunt And Gangadtalai","Banswara,Pratapgarh and Ratlam",Banswara,Rajasthan,Chuli Para,exact,23.158284491328164,74.3854912366886
p0604_3,Vaagdhara,Thummat,"Ghatol,Kushalgarh,Sajjangarh,Peepalkhunt And Gangadtalai","Banswara,Pratapgarh and Ratlam",Banswara,Rajasthan,,district-centroid,23.550952902502402,74.45252510460132
p0604_4,Vaagdhara,Lohariya,"Ghatol,Kushalgarh,Sajjangarh,Peepalkhunt And Gangadtalai","Banswara,Pratapgarh and Ratlam",Banswara,Rajasthan,Lohariya,exact,23.758915701013297,74.22416245864555
p0604_5,Vaagdhara,Badwas,"Ghatol,Kushalgarh,Sajjangarh,Peepalkhunt And Gangadtalai","Banswara,Pratapgarh and Ratlam",Banswara,Rajasthan,,district-centroid,23.58126036498643,74.3686028690583
p0604_6,Vaagdhara,Jikli,"Ghatol,Kushalgarh,Sajjangarh,Peepalkhunt And Gangadtalai","Banswara,Pratapgarh and Ratlam",Banswara,Rajasthan,Jheekli,fuzzy,23.252794371972524,74.40888686756367
p0604_7,Vaagdhara,Bori p,"Ghatol,Kushalgarh,Sajjangarh,Peepalkhunt And Gangadtalai","Banswara,Pratapgarh and Ratlam",Banswara,Rajasthan,,district-centroid,23.5561927601309,74.2831216496233
p0604_8,Vaagdhara,Amarthun,"Ghatol,Kushalgarh,Sajjangarh,Peepalkhunt And Gangadtalai","Banswara,Pratapgarh and Ratlam",Banswara,Rajasthan,Amarthoon,exact,23.692669420394736,74.43658392570701
p0604_9,Vaagdhara,Rohaniya,"Ghatol,Kushalgarh,Sajjangarh,Peepalkhunt And Gangadtalai","Banswara,Pratapgarh and Ratlam",Banswara,Rajasthan,Rohaniya,exact-block,23.321617976903735,74.1835953957266
p0604_10,Vaagdhara,shergarh,"Ghatol,Kushalgarh,Sajjangarh,Peepalkhunt And Gangadtalai","Banswara,Pratapgarh and Ratlam",Banswara,Rajasthan,Shergarh,exact,23.342084989189402,74.17328181859065
p0608,PRADAN,Podha,Ghaghra,,,Jharkhand,Porha,fuzzy,23.273656227743516,84.45250738142877
p0609,PRADAN,Ruki,Ghaghra,,,Jharkhand,Ruki,exact,23.253086207377315,84.43767673210321
p0610,PRADAN,Chota Ajiyatu,Ghaghra,,,Jharkhand,Chhota Ajiyatu,fuzzy,23.28610320269751,84.4632756193994
p0611,PRADAN,Manatu,Ghaghra,,,Jharkhand,Monatu,exact,23.26339896087847,84.44079248372665
p0612,PRADAN,Lalpur,Ghaghra,,,Jharkhand,Lalpur,exact,23.262290635291464,84.47196727395908
p0613,PRADAN,Kurdega,Basia,,,Jharkhand,Kurdega,exact,22.80798749334532,84.78527375400469
p0614,PRADAN,Lohri,Basia,,,Jharkhand,Lohri,exact,22.989556050632412,84.79638834729916
p0615,PRADAN,Karichua,Kamdara,,,Jharkhand,Karichuan,fuzzy,22.910320852003395,84.85462390726644
p0616,PRADAN,Jana,Gumla,,,Jharkhand,Jana,exact,23.112260245625585,84.4725517503875
p0617,PRADAN,Sakarpur,Gumla,,,Jharkhand,Sakarpur,exact,23.09538424940629,84.50425136432052
p0618,PRADAN,Katkaya,Raidih,,,Jharkhand,Katkaia,fuzzy,22.963307753098487,84.39637689593543
p0619,PRADAN,Keradih,Raidih,,,Jharkhand,Keradih,exact,22.983906295248108,84.38741346591121
p0620,PRADAN,Bariyarour,Sundarpahari,,,Jharkhand,Bariyarpur,fuzzy,24.63321214353747,87.38289405579164
p0621,PRADAN,Chhota haripur,Sundarpahari,,,Jharkhand,Chhota Haripur,exact,24.634677071270517,87.37264784819565
p0622,PRADAN,Chhota sindri,Sundarpahari,,,Jharkhand,Chhota Sindari,fuzzy,24.7044058356558,87.40467418543909
p0623,PRADAN,Chatma pahar,Boarijor,,,Jharkhand,Chetmapahar,fuzzy,24.917096332804682,87.41254596965375
p0624,PRADAN,Otar,Bandgaon,,,Jharkhand,Otar,exact,22.64711743654433,85.55086749933815
p0625,PRADAN,Chhotadamudih,Bandgaon,,,Jharkhand,Chhota Damudih,fuzzy,22.749967492729652,85.53307862072373
p0626,PRADAN,Sankai,Bandgaon,,,Jharkhand,Sankai,exact,22.775493178872978,85.33082270130801
p0627,PRADAN,Bikrampur,Sonua,,,Jharkhand,Bikrampur,exact,22.57186861921035,85.44321858444847
p0628,PRADAN,Karla,Chakradharpur,,,Jharkhand,Karla,exact,22.78490724999584,85.61260726333275
p0629,PRADAN,Ladurasai,Chakradharpur,,,Jharkhand,Ladurasai,exact,22.782607994672077,85.59854931033196
p0630,PRADAN,Salikuti,Tonto,,,Jharkhand,Salikuti,exact,22.394164849751448,85.67954657324874
p0631,PRADAN,Gautampi,Tonto,,,Jharkhand,Gotampi,fuzzy,22.494859814298465,85.68871975025766
p0632,PRADAN,Jabardaha,Shikaripara,,,Jharkhand,,unplaced,,
p0633,PRADAN,Sitasal,Shikaripara,,,Jharkhand,,unplaced,,
p0634,PRADAN,Dudhajol,Shikaripara,,,Jharkhand,,unplaced,,
p0635,PRADAN,Jadopani,Gopikander,,,Jharkhand,Jaropani,fuzzy,24.465593552579694,87.47810354195902
p0636,PRADAN,Jhutichapad,Gopikander,,,Jharkhand,Jhuntichapar,fuzzy,24.45398247093623,87.47361615668382
p0637,PRADAN,Bamarjhati,Kathikund,,,Jharkhand,Bamerjhanti,fuzzy,24.386548510949364,87.38293127144527
p0638,PRADAN,Barchorgain,Kisko,,,Jharkhand,Barchorgain,exact,23.4622077948968,84.57449043231905
p0639,PRADAN,Chhotchorgain,Kisko,,,Jharkhand,Chhotchorgain,exact,23.462561123652172,84.58745761286228
p0640,PRADAN,Hisri,Kisko,,,Jharkhand,Hisri,exact,23.452098133634625,84.60743838132086
p0641,PRADAN,Khamhar,Kuru,,,Jharkhand,Khamhar,exact,23.592282681633293,84.67913050839896
p0642,PRADAN,Rocho,Kuru,,,Jharkhand,Rocho,exact,23.553892117896964,84.69716810449843
p0643,PRADAN,Chandwa,Senha,,,Jharkhand,Chandwa,exact,23.353374739804032,84.54149742032926
p0644,PRADAN,Churku,Senha,,,Jharkhand,Churku,exact,23.354215406658376,84.57097117549044
p0645,PRADAN,Tulsipur,Boarijor,,,Jharkhand,Tulsipur,exact-block,24.97751467058169,87.43120735691754
p0646,PRADAN,Chhota Chatampur,Boarijor,,,Jharkhand,Chhota Chatampur,exact,24.908062830998382,87.40175088249093
p0647,PRADAN,Talabadiya,Boarijor,,,Jharkhand,,block-centroid,24.94757591126694,87.42854601786048
p0648,PRADAN,Charama,Ratedih,,,Chhattisgarh,Ratedih,exact,20.477568967432664,81.28620907229326
p0649,PRADAN,Bhanupratapur,Silibahar,,,Chhattisgarh,,unplaced,,
p0650,PRADAN,Charama,Babukohaka,,,Chhattisgarh,Babu Kohaka,fuzzy,20.437265240952,81.39026762221671
p0651,PRADAN,Charama,Damkasa,,,Chhattisgarh,Damkasa,exact,20.541459707577673,81.31783209492852
p0652,PRADAN,Charama,Ranidongari,,,Chhattisgarh,Ranidongri,fuzzy,20.445729029787678,81.50521669559453
p0653,PRADAN,Charama,Tuegahan,,,Chhattisgarh,Tuaguhan,fuzzy,20.50438651045146,81.44139634617592
p0654,PRADAN,Charama,Gotitola,,,Chhattisgarh,Guttitola,fuzzy,20.376112861906858,81.37787721897766
p0655,PRADAN,Charama,Khairwahi,,,Chhattisgarh,Khairwahi,exact,20.40791623880077,81.29873527119112
p0656,PRADAN,Antagarh,Aamakot,,,Chhattisgarh,Aamakot,exact,20.178265200267795,81.0412539298696
p0657,PRADAN,Antagarh,Pungaon,,,Chhattisgarh,Pungaon,exact,20.148822971881316,81.09684072678661
p0658,PRADAN,Antagarh,Sode,,,Chhattisgarh,Sode,exact-block,20.061215563536983,81.08783042374691
p0659,PRADAN,Antagarh,Babejaitpuri,,,Chhattisgarh,Badejaitpuri,fuzzy,20.04903168800812,81.1800019540652
p0660,PRADAN,Antagarh,Chingnar,,,Chhattisgarh,Chingnar,exact,20.01639175290156,81.2138893772358
p0661,PRADAN,Kanker,Rode,,,Chhattisgarh,Mode,fuzzy,20.246295685539433,81.3565821553703
p0662,PRADAN,Kanker,Salhebhat,,,Chhattisgarh,Salhebhat,exact-block,20.23081240971327,81.37811467717091
p0663,PRADAN,Kanker,Murdongri,,,Chhattisgarh,Muddongari,exact,20.308308970864605,81.430670334938
p0664,PRADAN,Kanker,Bhairadih,,,Chhattisgarh,Bhairadih,exact,20.2784930874226,81.28752985922496
p0665,PRADAN,Kanker,Amajhola,,,Chhattisgarh,Amajhola,exact,20.200039678303458,81.47000228373697
p0666,PRADAN,Kanker,Komalpur,,,Chhattisgarh,Komalpur,exact,20.17231726379827,81.51207980252403
p0667,PRADAN,Kanker,Kokadi,,,Chhattisgarh,Kokadi,exact,20.352879968210104,81.46680098339355
p0668,PRADAN,Durgukondal,Taraighotiya,,,Chhattisgarh,Taraighotia,fuzzy,20.386368805002334,80.93753149034896
p0669,PRADAN,Durgukondal,Vainar,,,Chhattisgarh,Vainar,exact,20.408076985650855,81.03204131165371
p0670,PRADAN,Durgukondal,Jharripara,,,Chhattisgarh,Jharripara,exact,20.33661591196981,80.90893884047541
p0671,PRADAN,Durgukondal,Mahendrapur,,,Chhattisgarh,Mahendrapur,exact,20.30220297159932,80.96564468070643
p0672,PRADAN,Durgukondal,Kondrunjh,,,Chhattisgarh,Kondruj,fuzzy,20.261898400619604,80.80931286224644
p0673,PRADAN,Durgukondal,Enhur,,,Chhattisgarh,Anhur,fuzzy,20.188097634174806,80.78293496975395
p0674,PRADAN,Durgukondal,Manghur,,,Chhattisgarh,Manghur,exact,20.186733333474482,80.7263426224275
p0675,PRADAN,Lundra,Jori,,,Chhattisgarh,Jori,exact,23.230439011797753,83.49475945816545
p0676,PRADAN,Lundra,Baknakala,,,Chhattisgarh,Bakna Kalan,fuzzy,23.146959373084517,83.33631251656445
p0677,PRADAN,Lundra,Korandha,,,Chhattisgarh,Korandha,exact,23.099471910090962,83.46219208568056
p0678,PRADAN,Lundra,Batauli,,,Chhattisgarh,Batouli,exact,23.18459479197318,83.4270887878447
p0679,PRADAN,Lundra,Kachhar,,,Chhattisgarh,Kachhar,exact,23.174321590053285,83.4935074710487
p0680,PRADAN,Lundra,Bansa,,,Chhattisgarh,Bansa,exact,23.118617805522067,83.28727247291718
p0681,PRADAN,Lundra,Kudar,,,Chhattisgarh,Kudar,exact-block,23.050655812476517,83.43707195252408
p0682,PRADAN,Udaypur,Daulatpur,,,Chhattisgarh,,unplaced,,
p0683,PRADAN,Darbha,Tirathgarh,,,Chhattisgarh,Tirathgarh,exact,18.917947066284558,81.8422749990854
p0684,PRADAN,Darbha,Munga,,,Chhattisgarh,,block-centroid,18.927248066111375,81.86308461368094
p0685,PRADAN,Bakawand,Choknar,,,Chhattisgarh,Choknar,exact,19.40696778316669,82.03993922689148
p0686,PRADAN,Bakawand,Farsara,,,Chhattisgarh,Farasara,fuzzy,19.394259558628253,81.97957278891107
p0687,PRADAN,Bakawand,Kumhrawand,,,Chhattisgarh,Kumhrawand,exact,19.27044737075515,82.02141452906199
p0688,PRADAN,Bakawand,Lawagaon,,,Chhattisgarh,,block-centroid,19.256374816178806,82.07047147417704
p0689,PRADAN,Bastar,Bakel,,,Chhattisgarh,Bakel,exact,19.337942535470344,81.77374484174
p0690,PRADAN,Bastar,Chhoteamabal,,,Chhattisgarh,Chhoteamawal,fuzzy,19.300577207623533,81.80335897260787
p0691,PRADAN,Bastar,Retawand,,,Chhattisgarh,Retawand,exact,19.254197163194604,81.95622685485169
p0692,PRADAN,Lailunga,Mohanpur,,,Chhattisgarh,Mohanpur,exact,22.36553157798717,83.52583606813201
p0693,PRADAN,Shankargarh,Pahari,,,Chhattisgarh,Pahari,exact,23.35228790681402,83.62216947846697
p0694,PRADAN,Shankargarh,Ghughari Khurd,,,Chhattisgarh,Ghughari Khurd,exact,23.337265587532276,83.61852727021365
p0695,PRADAN,Shankargarh,Patna,,,Chhattisgarh,Patana,exact,23.380655704044248,83.57299232875982
p0696,PRADAN,Shankargarh,Kothali,,,Chhattisgarh,Kothali,exact-block,23.40199680851111,83.70912714882199
p0697,PRADAN,Shankargarh,Kotalu,,,Chhattisgarh,Kotalu,exact,23.25797344048817,83.80706762116658
p0698,PRADAN,Kusmi,Harry,,,Chhattisgarh,Harri,fuzzy,23.3524346974593,83.78975373070475
p0699,PRADAN,Kusmi,Chainpur,,,Chhattisgarh,Chainpur,exact,23.364047896569186,83.76421397359351
p0700,PRADAN,Kusmi,Baskepi,,,Chhattisgarh,Baskepi,exact,23.508134443565574,83.75601147354892
p0701,PRADAN,Shankargarh,Bada,,,Chhattisgarh,Bada,exact,23.2726715595132,83.74729365070434
p0702,PRADAN,Kusmi,Sivildag,,,Chhattisgarh,Sibildag,fuzzy,23.254723385613218,83.8412602581798
p0703,PRADAN,Lanjigarh,Podapadar,,,Odisha,Podapadar,exact,19.97266493217084,83.39810549596477
p0704,PRADAN,Lanjigarh,Kikshabhata,,,Odisha,Khiksabhata,fuzzy,19.97317345193373,83.438864959961
p0705,PRADAN,Lanjigarh,Karjanipadar,,,Odisha,,block-centroid,19.81169862739268,83.33540269682504
p0706,PRADAN,Lanjigarh,Maheswaripur,,,Odisha,Maheswaripur,exact,19.950298603014925,83.39485976982074
p0707,PRADAN,Thakurmunda,Bholapada,,,Odisha,Bholpada,fuzzy,21.55673659606896,86.08307318937032
p0708,PRADAN,Phulbani,Bhandarpadar,,,Odisha,Kakansuga,exact,20.34741594938198,84.21226594879573
p0709,PRADAN,Phulbani,Garabanda,,,Odisha,Badaganda,fuzzy,20.504333896555472,84.09234025607134
p0710,PRADAN,Thakurmunda,Raipada,,,Odisha,Raipada,exact,21.57789064358652,86.09792432021368
p0711,PRADAN,Thakurmunda,Baliabeda,,,Odisha,Baliabeda,exact,21.494174823446297,86.20055340161944
p0712,PRADAN,Kolnara,Ganjerimeta,,,Odisha,Gunjarimeta,fuzzy,19.191521549037123,83.55711993215213
p0713,PRADAN,Kolnara,Hozaridang,,,Odisha,Hajaridang,fuzzy,19.253555944435966,83.49728679358427
p0714,PRADAN,Kolnara,Sarabguda,,,Odisha,Sarabaguda,fuzzy,19.218865915688372,83.55835010532572
p0715,PRADAN,Kolnara,Bondhaguda,,,Odisha,Bondhaguda,exact,19.24829556464879,83.55746735229323
p0716,PRADAN,Kolnara,Dengasargi,,,Odisha,Dengasargi,exact,19.34942896163482,83.46058220259887
p0717,PRADAN,Karanjia,Satkiari,,,Odisha,Satakiari,fuzzy,21.82089515282945,85.8810585719935
p0718,PRADAN,Jashipur,Tangurusahi,,,Odisha,,unplaced,,
p0719,PRADAN,Jashipur,Tikarpada,,,Odisha,,unplaced,,
p0720,PRADAN,Nandapur,Bhatabir,,,Odisha,,block-centroid,18.50579568545317,82.68423661649378
p0721,PRADAN,Nandapur,Burudiput,,,Odisha,,block-centroid,18.432216212710546,82.70278340108126
p0722,PRADAN,Nandapur,Khurji,,,Odisha,Khurji,exact,18.56432009530138,82.76992050314789
p0723,PRADAN,Nandapur,Anlaghati,,,Odisha,Analaghat,fuzzy,18.599518702597223,82.73662710607464
p0724,PRADAN,Lamtaput,Patenda,,,Odisha,Potenda,exact,18.597665063733324,82.58051095809594
p0725,PRADAN,Lamtaput,Dudipadar,,,Odisha,Dudipadar,exact,18.591066217303297,82.5623330199768
p0726,PRADAN,Phulbani,Traskipadar,,,Odisha,Traskipadar,exact,20.513938601141835,84.11974529980334
p0727,Gram Vikas,Koinpur,Rayagada,Kalahandi,Kalahandi,Odisha,,block-centroid,19.011635516948058,83.80758434303539
p0728,Gram Vikas,Mohuda,Kukukhandi,Ganjam,Ganjam,Odisha,Mohada,fuzzy,19.292695480954546,84.73488850393399
p0729,Gram Vikas,Ranchi,,,,Jharkhand,,unplaced,,
p0730,Gram Vikas,K.Nuagaon,,Ganjam,Ganjam,Odisha,Nuagaon,fuzzy,19.215799871950217,84.65841955977787
p0731,Gram Vikas,Conoor,,,,Tamil Nadu,,unplaced,,
p0732,Gram Vikas,Koinpur,Rayagada,Gajapati,Gajapati,Odisha,Kainpur,fuzzy,18.942530082285185,84.32434377313007
p0733,Gram Vikas,Koinpur,Rayagada,Gajapati,Gajapati,Odisha,Kainpur,fuzzy,18.942530082285185,84.32434377313007
p0734,Gram Vikas,"Rudhapadar, Mohuda",,Ganjam,Ganjam,Odisha,Rudhapadar,exact,20.21166537952838,84.75200267723847
p0739,Gram Vikas,Mohuda,Bermaour,Ganjam,Ganjam,Odisha,Mohada,fuzzy,19.292695480954546,84.73488850393399
p0740,Gram Vikas,Gajapati,"Khurdha, Patrapur, Daringabdi, Surada, Rayagada","Gajapati, Ganjam, Kandhamal",Gajapati,Odisha,,district-centroid,19.068745038109935,84.05094328455864
p0741,Gram Vikas,Kandhamal,Koinpur And Sirtiguda,Kandhamal and Gajapati,Kandhamal,Odisha,,district-centroid,20.225278334796755,84.21453666150876
p0752,Gram Vikas,"Baliguda, Rudhapada & Roulkela",,,,,,unplaced,,
p0753,Gram Vikas,Mohuda,Wsgp,8 Districts,,Odisha,,unplaced,,
p0755,Gram Vikas,Koinpur,Rayagada,Gajapati,Gajapati,Odisha,Kainpur,fuzzy,18.942530082285185,84.32434377313007
p0756,Gram Vikas,Bhubaeswar,,Khurdha,Khordha,Odisha,,district-centroid,20.09008089490595,85.40153683486167
p0757,HUM,"Dharwas, Sach",,Chamba,Chamba,Himachal Pradesh,,district-centroid,32.67472457941835,76.48350160953409
p0758_0,HUM,Babiyar,,Nainital,Nainital,Uttarakhand,Babiyar,exact,29.292644710307272,79.68947500902502
p0758_1,HUM,Duduli,,Nainital,Nainital,Uttarakhand,Duduli,exact,29.297696558642677,79.67417719570375
p0758_2,HUM,Sarana,,Nainital,Nainital,Uttarakhand,Sharana,fuzzy,29.376567198832255,79.63136429568124
p0758_3,HUM,Churigarh,,Nainital,Nainital,Uttarakhand,Churigar,fuzzy,29.34942211871821,79.65644099891617
p0759_0,HUM,Kibithoo,,Anjaw,Anjaw,Arunachal Pradesh,,district-centroid,28.136914342716512,96.88537054298232
p0759_1,HUM,Walong,,Anjaw,Anjaw,Arunachal Pradesh,,district-centroid,27.95029002045491,96.80439882855966
p0759_2,HUM,Kaho,,Anjaw,Anjaw,Arunachal Pradesh,,district-centroid,28.087592553763663,96.92641991444471
p0759_3,HUM,Hayuliang,,Anjaw,Anjaw,Arunachal Pradesh,,district-centroid,27.98445043614089,96.75019865491183
p0760_0,HUM,Khundian,,Kangra,Kangra,Himachal Pradesh,,district-centroid,32.05688971121866,76.3089157740378
p0760_1,HUM,Langha,,Kangra,Kangra,Himachal Pradesh,,district-centroid,32.2629518191911,76.49351431260487
p0760_2,HUM,Chhilga,,Kangra,Kangra,Himachal Pradesh,,district-centroid,32.13817714040035,76.27746748491838
p0760_3,HUM,Barog Lahar,,Kangra,Kangra,Himachal Pradesh,,district-centroid,32.195534636636765,76.54859780435258
p0760_4,HUM,Bari Kalan,,Kangra,Kangra,Himachal Pradesh,,district-centroid,32.01540423845064,76.46883942300273
p0760_5,HUM,Dola Kharyana,,Kangra,Kangra,Himachal Pradesh,,district-centroid,32.25277281100409,76.32875421306257
p0760_6,HUM,Baggi,,Kangra,Kangra,Himachal Pradesh,,district-centroid,32.01002670421404,76.38219696209401
p0760_7,HUM,Duhak,,Kangra,Kangra,Himachal Pradesh,,district-centroid,32.28478379273217,76.40939194755445
p0760_8,HUM,Pihri Galoti,,Kangra,Kangra,Himachal Pradesh,,district-centroid,32.28112702840097,76.45586487756462
p0760_9,HUM,Dehru,,Kangra,Kangra,Himachal Pradesh,,district-centroid,32.00437179766516,76.42358580348161
p0760_10,HUM,Thill,,Kangra,Kangra,Himachal Pradesh,,district-centroid,32.105692784124074,76.40572791486001
p0761,HUM,10 Villages,,Almora,Almora,Uttarakhand,,district-centroid,29.59806508922923,79.54476518858591
p0762_0,HUM,Gadaparli,,Kullu,Kullu,Himachal Pradesh,,district-centroid,31.90509008972443,77.27072795771151
p0762_1,HUM,Shainsher,,Kullu,Kullu,Himachal Pradesh,,district-centroid,31.96300243994948,77.53534945331076
p0762_2,HUM,Raila-I,,Kullu,Kullu,Himachal Pradesh,,district-centroid,31.825856260851825,77.30203065603148
p0762_3,HUM,Raila-II,,Kullu,Kullu,Himachal Pradesh,,district-centroid,32.02851152488753,77.48104434401226
p0762_4,HUM,Shangher,,Kullu,Kullu,Himachal Pradesh,,district-centroid,32.04165071050617,77.35860109282297
p0762_5,HUM,Suchaihan,,Kullu,Kullu,Himachal Pradesh,,district-centroid,31.80608620862331,77.49430069165908
p0762_6,HUM,Banogi,,Kullu,Kullu,Himachal Pradesh,,district-centroid,31.987663831695595,77.29230331123637
p0762_7,HUM,Dhaugi,,Kullu,Kullu,Himachal Pradesh,,district-centroid,31.877913537111404,77.54048987170187
p0762_8,HUM,Dehuri,,Kullu,Kullu,Himachal Pradesh,,district-centroid,31.99902855544102,77.51589763611852
p0763,HUM,Barour,,Chamba,Chamba,Himachal Pradesh,,district-centroid,32.568170582533654,76.38164926907838
p0764,HUM,Gopalpur,,Chamba,Chamba,Himachal Pradesh,,district-centroid,32.76654886601021,76.44063518507862
p0765_0,HUM,Pooh,,Kinnaur,Kinnaur,Himachal Pradesh,,district-centroid,31.602424051922537,78.58723356897632
p0765_1,HUM,Nako,,Kinnaur,Kinnaur,Himachal Pradesh,,district-centroid,31.637633349075102,78.45264429193978
p0765_2,HUM,Chhitkul,,Kinnaur,Kinnaur,Himachal Pradesh,,district-centroid,31.562076247384976,78.57001839558538
p0766_0,HUM,Nalda,,Kangra,Kangra,Himachal Pradesh,,district-centroid,32.17857743727416,76.49353367935025
p0766_1,HUM,Udaipur,,Kangra,Kangra,Himachal Pradesh,,district-centroid,32.090154903611385,76.35602593486112
p0766_2,HUM,Tingret,,Kangra,Kangra,Himachal Pradesh,,district-centroid,32.216595980204936,76.45902042776032
p0766_3,HUM,Goharama,,Kangra,Kangra,Himachal Pradesh,,district-centroid,32.06491697417628,76.4005983115455
p0766_4,HUM,Gondhala,,Kangra,Kangra,Himachal Pradesh,,district-centroid,32.226836929285035,76.40896407861466
p0767,HUM,"Seichu, Shoon",,Chamba,Chamba,Himachal Pradesh,,district-centroid,32.65346461435113,76.29151859375317
p0768,TRIF,Karpawand,Bakawand,Bastar,Bastar,Chhattisgarh,Karpawand,exact,19.37129004711455,82.08970693496961
p0769,TRIF,Farsi Gaon,Bakawand,Bastar,Bastar,Chhattisgarh,,block-centroid,19.30186050990906,82.07623478626388
p0770,TRIF,Ulanar,Bakawand,Bastar,Bastar,Chhattisgarh,Ulnar,fuzzy,19.17057073618565,82.11221697984884
p0771,TRIF,Choknar,Bakawand,Bastar,Bastar,Chhattisgarh,Choknar,exact,19.40696778316669,82.03993922689148
p0772,TRIF,Sonesarar,Dongorgaon,Rajnandgaon,Rajnandgaon,Chhattisgarh,Sonesarar,exact,21.01352490914852,80.95634787954484
p0773,TRIF,Margaon,Dongorgaon,Rajnandgaon,Rajnandgaon,Chhattisgarh,Margaon,exact,21.03136314871042,80.8164690448164
p0774,TRIF,Tumdibod,Dongorgaon,Rajnandgaon,Rajnandgaon,Chhattisgarh,Tumdiboda,fuzzy,21.087102841743498,80.89095467069036
p0775,TRIF,Aasra,Dongorgaon,Rajnandgaon,Rajnandgaon,Chhattisgarh,Asara,fuzzy,21.01486537526889,80.74058891628853
p0776,TRIF,Bardeori,Kanker,Kanker,Kanker,Chhattisgarh,,block-centroid,20.257689603539994,81.43322673089683
p0777,TRIF,Sidheswar,Kanker,Kanker,Kanker,Chhattisgarh,Sidesar,fuzzy,20.31119099856932,81.50434249139826
p0778,TRIF,Dhanelikanhar,Kanker,Kanker,Kanker,Chhattisgarh,Dhanelikanhar,exact,20.30031088689764,81.35526863731164
p0779,TRIF,Barchegondi,Kanker,Kanker,Kanker,Chhattisgarh,Barchegondi,exact,20.258841931177916,81.34293408983676
p0780,TRIF,Daspur,Kanker,Kanker,Kanker,Chhattisgarh,Dashpur,fuzzy,20.29066310798817,81.53682430443887
p0781,TRIF,Borgaon,Kondagaon,Kondagaon,Kondagaon,Chhattisgarh,Borgaon,exact-block,19.476891315628233,81.63333783520501
p0782,TRIF,Vanusari,Kondagaon,Kondagaon,Kondagaon,Chhattisgarh,,block-centroid,19.516748463308325,81.60597322049591
p0783,TRIF,Chichdongri,Kondagaon,Kondagaon,Kondagaon,Chhattisgarh,Chichdongari,fuzzy,19.605053640357283,81.57969920104281
p0784,TRIF,Chhote Banjoda,Kondagaon,Kondagaon,Kondagaon,Chhattisgarh,,block-centroid,19.508357694498173,81.64291351286938
p0785,TRIF,Bade Panera,Geedam,Dantewada,Dantewada,Chhattisgarh,Badepaneda,fuzzy,18.97901760365619,81.44883255618123
p0786,TRIF,Binjam,Geedam,Dantewada,Dantewada,Chhattisgarh,Binjam,exact,18.945210252889748,81.29725844391986
p0787,TRIF,Chindnar,Geedam,Dantewada,Dantewada,Chhattisgarh,Chhindnar,fuzzy,19.071953360167743,81.31308690547685
p0788,TRIF,Hidpal,Geedam,Dantewada,Dantewada,Chhattisgarh,Hidpal,exact,19.085358887321032,81.41718303062078
p0789,TRIF,Ekalbara,Rajpur,Barwani,Barwani,Madhya Pradesh,Ekalbara,exact,21.82587682087477,74.99932910024421
p0790,TRIF,Sali,Rajpur,Barwani,Barwani,Madhya Pradesh,Sali(Bhagsur),exact,21.979984432252117,75.0421972451745
p0791,TRIF,Mor,Petlawad,Jhabua,Jhabua,Madhya Pradesh,Mor,exact,23.131674004225694,74.89085415584668
p0792,TRIF,Ramgadh,Petlawad,Jhabua,Jhabua,Madhya Pradesh,Ramgarh,fuzzy,23.06849426496222,74.82030501770572
p0793,TRIF,Naharpura,Petlawad,Jhabua,Jhabua,Madhya Pradesh,Naharpura,exact-block,23.03329345880096,74.7382092974593
p0794,TRIF,Temla,Sondwa,Alirajpur,Alirajpur,Madhya Pradesh,Temla,exact,22.0849744796366,74.41764845334845
p0795,TRIF,Katwad,Sondwa,Alirajpur,Alirajpur,Madhya Pradesh,Katnwad,exact,22.114216144195147,74.21779637657392
p0796,TRIF,Ratanpur,Budni,Sehore,Sehore,Madhya Pradesh,Ratanpur,exact-block,22.647611094719558,77.42457001773289
p0797,TRIF,Sagonia,Budni,Sehore,Sehore,Madhya Pradesh,Sagonia,exact,22.765617892562428,77.46016284259294
p0798,TRIF,Brauchi,Bijadandi,Mandla,Mandla,Madhya Pradesh,,block-centroid,22.980837342213498,80.09596832824855
p0799,TRIF,Chargaon,Bijadandi,Mandla,Mandla,Madhya Pradesh,Chargaon (Bilnagari),exact-block,23.07190059601785,80.25219892313234
p0800,TRIF,Chikli,Manawar,Dhar,Dhar,Madhya Pradesh,Chikli (Balwari),exact-block,22.40492469546409,75.02720105103062
p0801,TRIF,Dedla,Manawar,Dhar,Dhar,Madhya Pradesh,Dedla,exact-block,22.214798753204363,75.03938957848696
p0802,TRIF,Sukhedi,Khategaon,Dewas,Dewas,Madhya Pradesh,,block-centroid,22.60301368009003,76.92845720544854
p0803,TRIF,Chikliya,Thandla,Jhabua,Jhabua,Madhya Pradesh,Chikaliya,fuzzy,23.034572291266425,74.50133348216775
p0804,TRIF,Bhimkund,Thandla,Jhabua,Jhabua,Madhya Pradesh,Bhim Kund,exact-block,23.061753925011338,74.60809269440554
p0805,TRIF,Bhim Kund,Thandla,Jhabua,Jhabua,Madhya Pradesh,Bhim Kund,exact,23.061753925011338,74.60809269440554
p0806,TRIF,Richi,Khategaon,Dewas,Dewas,Madhya Pradesh,Richhi,fuzzy,22.655614321583275,76.89135720482068
p0807,TRIF,Balapur,Chhanvey,Mirzapur,Mirzapur,Uttar Pradesh,Balapur,exact,25.13810649307605,82.41172200867612
p0808,TRIF,Bagedakhurd,Chhanvey,Mirzapur,Mirzapur,Uttar Pradesh,,block-centroid,25.202722521488138,82.37530886039174
p0809,TRIF,Kaimokhar,Muskara,Hamirpur,Hamirpur,Uttar Pradesh,Kaimokhar,exact-block,25.67443577814676,79.92892265338897
p0810,TRIF,Goura,Muskara,Hamirpur,Hamirpur,Uttar Pradesh,Gaura,fuzzy,25.642377775418044,79.84797097786114
p0811,TRIF,Gangauri,Bankati,Basti,Basti,Uttar Pradesh,Garawana Urf Ganwari,exact,26.71073234179431,82.9017322781935
p0812,TRIF,Karapithia,Bankati,Basti,Basti,Uttar Pradesh,,block-centroid,26.733888554567944,82.89224537867365
p0813,TRIF,Devghat,Koraon,Prayagraj,Prayagraj,Uttar Pradesh,Devghat,exact,24.891534729969337,82.0735088667123
p0814,TRIF,Belhat,Koraon,Prayagraj,Prayagraj,Uttar Pradesh,Belhat,exact-block,25.045749435497182,82.12740403626654
p0815,TRIF,Imiliya Khurd,Dubepur,Sultanpur,Sultanpur,Uttar Pradesh, ,fuzzy,26.317349872450603,82.09014633544868
p0816,TRIF,Bandhua Kalan,Dubepur,Sultanpur,Sultanpur,Uttar Pradesh,Bandhuakala,exact,26.265648090883776,81.99305749469832
p0817,TRIF,Pakhodna,Tappal,Aligarh,Aligarh,Uttar Pradesh,Pakhodana,fuzzy,27.924221429156493,77.5488434127173
p0818,TRIF,Ranjit Garhi,Tappal,Aligarh,Aligarh,Uttar Pradesh,,block-centroid,28.017175350953714,77.61395384234407
p0819,TRIF,Manjhra,Mihinpurwa,Bahraich,Bahraich,Uttar Pradesh,,block-centroid,28.08878673667031,81.36055559336823
p0820,TRIF,Ramnagar Taga,Mihinpurwa,Bahraich,Bahraich,Uttar Pradesh,,block-centroid,28.07564410220261,81.29750237280506
p0821,TRIF,Rehunchi,Naraini,Banda,Banda,Uttar Pradesh,,block-centroid,25.166598369914002,80.5683836035035
p0822,TRIF,Pathra,Naraini,Banda,Banda,Uttar Pradesh,Pathara,fuzzy,25.192239464847386,80.58631740398548
p0823,TRIF,Dindashpur,Araji Lines,Varanasi,Varanasi,Uttar Pradesh,Dindaspur,fuzzy,25.52079501423214,82.91510004630433
p0824,TRIF,Bhedha,Araji Lines,Varanasi,Varanasi,Uttar Pradesh,,district-centroid,25.24565873385202,82.90036799854755
p0825,TRIF,Uparberga,Gola,Ramgarh,Ramgarh,Jharkhand,Uparbarga,fuzzy,23.48670009273245,85.86562945100157
p0826,TRIF,Sutri,Gola,Ramgarh,Ramgarh,Jharkhand,Sutri,exact,23.597804667103055,85.7761398708111
p0827,TRIF,karamtoli,Kersai,Simdega,Simdega,Jharkhand,Karamtoli,exact-block,22.51325143337202,84.21056146373974
p0828,TRIF,Mahuatoli,Kersai,Simdega,Simdega,Jharkhand,,block-centroid,22.606547921225342,84.26570805019443
p0829,TRIF,Bangaon,Kurdeg,Simdega,Simdega,Jharkhand,Bangaon,exact,22.520458167864653,84.1499036778697
p0830,TRIF,chadrimunda,Kurdeg,Simdega,Simdega,Jharkhand,Charrimunda,fuzzy,22.49728652774981,84.11361703141695
p0831,TRIF,Ghutua,Satbarwa,Palamu,Palamu,Jharkhand,Ghutua,exact,23.954465589331885,84.33132550073343
p0832,TRIF,Rabda,Satbarwa,Palamu,Palamu,Jharkhand,Rabda,exact-block,23.906015655492634,84.23401440424286
p0833,TRIF,Cherbar,Chainpur,Palamu,Palamu,Jharkhand,,block-centroid,23.749438853550252,84.09561806035893
p0834,TRIF,Sokra,Chainpur,Palamu,Palamu,Jharkhand,Sokra,exact,23.957019639882613,84.07382809108638
p0835,TRIF,Nawagarh,Angara,Ranchi,Ranchi,Jharkhand,Nawagarh,exact,23.43258969346461,85.60855263157565
p0836,TRIF,Dahua,Angara,Ranchi,Ranchi,Jharkhand,Dahua,exact,23.381408803753494,85.62146344790533
p0837,TRIF,Nehalu,Bero,Ranchi,Ranchi,Jharkhand,,block-centroid,23.301327280431305,84.95345211307372
p0838,TRIF,Kesa,Bero,Ranchi,Ranchi,Jharkhand,Kesa,exact,23.319921119247212,85.04726358009853
p0839,TRIF,Usia,Noamundi,West Singhbhum,West Singhbhum,Jharkhand,,block-centroid,22.217566385518687,85.50991172637693
p0840,TRIF,Latar Kundrijod,Noamundi,West Singhbhum,West Singhbhum,Jharkhand,Latar Kundrijhor,fuzzy,22.274674659568582,85.50449408726607
p0841,TRIF,Jashpur,,Jashpur,Jashpur,Chhattisgarh,,district-centroid,22.804010035088794,84.06081408248885
p0842,Paani,Akolner,,Ahilyanagar,Ahmednagar,Maharashtra,Akolner,exact,18.990778760723195,74.65588985963981
p0843,Paani,Arangaon,,Ahilyanagar,Ahmednagar,Maharashtra,Arangaon,exact,18.6764609414712,75.19000049163935
p0844,Paani,Bhoyare Pathar,,Ahilyanagar,Ahmednagar,Maharashtra,Bhoyare Pathar,exact,19.039416688008338,74.58671495125664
p0845,Paani,Chichondi Patil,,Ahilyanagar,Ahmednagar,Maharashtra,Chichondi Patil,exact,19.003680116899435,74.91478456501939
p0846,Paani,Dehere,,Ahilyanagar,Ahmednagar,Maharashtra,Dehere,exact,19.241556843769487,74.67456124854776
p0847,Paani,Dongargan,,Ahilyanagar,Ahmednagar,Maharashtra,Dongargan,exact,19.243685848688962,74.77207502269546
p0848,Paani,Hivare Zare,,Ahilyanagar,Ahmednagar,Maharashtra,Hivare Zare,exact,18.919828375483775,74.70536396463754
p0849,Paani,Hivrebajar,,Ahilyanagar,Ahmednagar,Maharashtra,Hivrebajar,exact,19.07414926447981,74.5983500456043
p0850,Paani,Jeur,,Ahilyanagar,Ahmednagar,Maharashtra,Jeur,exact,19.40375841878795,75.06573128375905
p0851,Paani,Karjunekhare,,Ahilyanagar,Ahmednagar,Maharashtra,Karjunekhare,exact,19.18203075298669,74.61024979732473
p0852,Paani,Nimblak,,Ahilyanagar,Ahmednagar,Maharashtra,Nimblak,exact,19.14697222090148,74.67985991208562
p0853,Paani,Nimbodi,,Ahilyanagar,Ahmednagar,Maharashtra, ,exact,19.043460356383516,74.77101201236279
p0854,Paani,Pargaon Maula,,Ahilyanagar,Ahmednagar,Maharashtra,Pargaon Maula,exact,18.98961287198128,74.7773685930048
p0855,Paani,Pimpalgaon Landga,,Ahilyanagar,Ahmednagar,Maharashtra,Pimpalgaon Landga,exact,19.08502845280099,74.88297434623577
p0856,Paani,Pimpalgaon Malvi,,Ahilyanagar,Ahmednagar,Maharashtra,Pimpalgaon Malvi,exact,19.20648062905304,74.73282225232613
p0857,Paani,Pimpalgaon Wagha,,Ahilyanagar,Ahmednagar,Maharashtra,Pimpalgaon Wagha,exact,19.061008385508757,74.61938944581438
p0858,Paani,Rui Chhattishi,,Ahilyanagar,Ahmednagar,Maharashtra,Rui Chhattishi,exact,18.89983195436373,74.83462472718607
p0859,Paani,Sandave,,Ahilyanagar,Ahmednagar,Maharashtra,Sandave,exact,19.0031427571756,74.87103268329894
p0860,Paani,Tandali Wadgaon,,Ahilyanagar,Ahmednagar,Maharashtra,Tandali Wadgaon,exact,18.9275659570617,74.78616571151356
p0861,Paani,Vilad,,Ahilyanagar,Ahmednagar,Maharashtra,Vilad,exact,19.207876656929805,74.6715286344089
p0862,Paani,Walki,,Ahilyanagar,Ahmednagar,Maharashtra,Walki,exact,18.957878264890713,74.75148384270244
p0863,Paani,Bhalawani,,Ahilyanagar,Ahmednagar,Maharashtra,Bhalawani,exact,19.121677457349257,74.5570920925176
p0864,Paani,Chincholi,,Ahilyanagar,Ahmednagar,Maharashtra,Chincholi,exact,19.512487448442762,74.55701818626382
p0865,Paani,Devi Bhoyare,,Ahilyanagar,Ahmednagar,Maharashtra,Devi Bhoyare,exact,18.99844344854442,74.30696770540318
p0866,Paani,Dongarwadi,,Ahilyanagar,Ahmednagar,Maharashtra,Dongarwadi,exact,19.190996551619715,74.93709564781425
p0867,Paani,Ganjibhoyare,,Ahilyanagar,Ahmednagar,Maharashtra,Ganji Bhoyare,fuzzy,18.964903090163062,74.37526453083036
p0868,Paani,Hanga,,Ahilyanagar,Ahmednagar,Maharashtra,Hanga,exact,18.986927483041008,74.50889990494598
p0869,Paani,Kanhur Pathar,,Ahilyanagar,Ahmednagar,Maharashtra,Nandur Pathar,fuzzy,19.13257254753742,74.25877259034492
p0870,Paani,Karegaon,,Ahilyanagar,Ahmednagar,Maharashtra,Karegaon,exact,19.147272829064253,75.21742164058004
p0871,Paani,Nannaj,,Ahilyanagar,Ahmednagar,Maharashtra,Nannaj,exact,18.595208937903347,75.31034605143255
p0872,Paani,Palwe Bk.,,Ahilyanagar,Ahmednagar,Maharashtra,Palwe Bk.,exact,18.895518702574694,74.48192341290905
p0873,Paani,Panoli,,Ahilyanagar,Ahmednagar,Maharashtra,Panoli,exact,18.950240836220424,74.41435909583357
p0874,Paani,Pokhari,,Ahilyanagar,Ahmednagar,Maharashtra,Pokhari,exact,19.28212018967998,74.28818714529201
p0875,Paani,Punewadi,,Ahilyanagar,Ahmednagar,Maharashtra,Punewadi,exact,19.030182219075524,74.39901747894622
p0876,Paani,Sarola Advai,,Ahilyanagar,Ahmednagar,Maharashtra,Sarola Advai,exact,19.049239029624804,74.54534336946476
p0877,Paani,Dadh Kh.,,Ahilyanagar,Ahmednagar,Maharashtra,Dadh Kh.,exact,19.506221687889273,74.41635171435038
p0878,Paani,Dolasane,,Ahilyanagar,Ahmednagar,Maharashtra,Dolasane,exact,19.380307542788334,74.21322895591767
p0879,Paani,Ghulewadi,,Ahilyanagar,Ahmednagar,Maharashtra,Ghulewadi (CT),exact,19.60773596904645,74.19599825379242
p0880,Paani,Gunjalwadi Pathar,,Ahilyanagar,Ahmednagar,Maharashtra,,district-centroid,19.24044246522748,74.71489630416632
p0881,Paani,Jawale Baleshwar,,Ahilyanagar,Ahmednagar,Maharashtra,Jawale Baleshwar,exact,19.429475044940318,74.11746952329615
p0882,Paani,Jawale Kadlag,,Ahilyanagar,Ahmednagar,Maharashtra,Jawale Kadlag,exact,19.589650094509576,74.12675901925967
p0883,Paani,Kaunchi,,Ahilyanagar,Ahmednagar,Maharashtra,,district-centroid,19.291068389262794,74.60713566297994
p0884,Paani,Kauthe Bk.,,Ahilyanagar,Ahmednagar,Maharashtra,Kauthe Bk.,exact,19.353607282955817,74.13580727418075
p0885,Paani,Kharadi,,Ahilyanagar,Ahmednagar,Maharashtra,Kharadi,exact,19.532345624992438,74.24669960595381
p0886,Paani,Kokangaon,,Ahilyanagar,Ahmednagar,Maharashtra,Kokangaon,exact,19.595358655967637,74.31417949764685
p0887,Paani,Kurakundi,,Ahilyanagar,Ahmednagar,Maharashtra,Kurakundi,exact,19.29901630362454,74.14204946016976
p0888,Paani,Lohare,,Ahilyanagar,Ahmednagar,Maharashtra,Lohare,exact,19.633404419753642,74.39520602788276
p0889,Paani,Manoli,,Ahilyanagar,Ahmednagar,Maharashtra,Manoli,exact,19.571175667687495,74.31338429077896
p0890,Paani,Mendhwan,,Ahilyanagar,Ahmednagar,Maharashtra,Mendhwan,exact,19.62658960980443,74.35290399101957
p0891,Paani,Mirzapur,,Ahilyanagar,Ahmednagar,Maharashtra,Mirzapur,exact,19.492544683504942,74.13239899828507
p0892,Paani,Nanduri Dumala,,Ahilyanagar,Ahmednagar,Maharashtra,Nanduri Dumala,exact,19.492403499270328,74.11383540407594
p0893,Paani,Ozar Bk.,,Ahilyanagar,Ahmednagar,Maharashtra,Ozar Bk.,exact,19.527946668696046,74.31914488233001
p0894,Paani,Pemgiri,,Ahilyanagar,Ahmednagar,Maharashtra,Pemgiri,exact,19.463059240227032,74.08944012247329
p0895,Paani,Pimpalgaon Konzira,,Ahilyanagar,Ahmednagar,Maharashtra,Pimpalgaon Konzira,exact,19.55115525139986,74.08552674031073
p0896,Paani,Pokhari Baleshwar,,Ahilyanagar,Ahmednagar,Maharashtra,Pokhari Baleshwar,exact,19.446411518509592,74.17147380736199
p0897,Paani,Rayate,,Ahilyanagar,Ahmednagar,Maharashtra,Rayate,exact,19.548849682593517,74.22091893035375
p0898,Paani,Sawargaon Ghule,,Ahilyanagar,Ahmednagar,Maharashtra,Sawargaon Ghule,exact,19.39748491627053,74.14608049557233
p0899,Paani,Shivapur,,Ahilyanagar,Ahmednagar,Maharashtra,,district-centroid,19.297173094735562,74.54646086686412
p0900,Paani,Wadgaon Pan,,Ahilyanagar,Ahmednagar,Maharashtra,Wadgaon Pan,exact,19.586864664007702,74.27340328762132
p0901,Paani,Waghapur,,Ahilyanagar,Ahmednagar,Maharashtra,Waghapur,exact,19.4136974683641,74.02094343889344
p0902,Paani,Adgaon Kh.,,Akola,Akola,Maharashtra,Adgaon Kh.,exact,20.46626318073815,76.70744169715397
p0903,Paani,Akoli Jahangir,,Akola,Akola,Maharashtra,Akoli Jahangir,exact,21.159792033031444,77.1149232750977
p0904,Paani,Akolkhed,,Akola,Akola,Maharashtra,Akolkhed,exact,21.154865178256067,77.09682443576745
p0905,Paani,Alewadi,,Akola,Akola,Maharashtra,Alewadi,exact,20.99569253657417,76.99890460427629
p0906,Paani,Amboda,,Akola,Akola,Maharashtra,Amboda,exact,21.14415659548345,77.08195613762058
p0907,Paani,Balegaon,,Akola,Akola,Maharashtra,Balegaon,exact,21.016467465508736,77.03970770773014
p0908,Paani,Belura,,Akola,Akola,Maharashtra,Belura,exact,21.146842359071933,76.98347240432972
p0909,Paani,Chinchkhed Khurd,,Akola,Akola,Maharashtra,,district-centroid,20.749963266231568,76.98163141940043
p0910,Paani,Chorwad Bk,,Akola,Akola,Maharashtra,Chorwad Bk,exact,21.145071857862604,76.95188623263265
p0911,Paani,Deulgaon,,Akola,Akola,Maharashtra,Deulgaon,exact,20.488182983767803,76.89695865323021
p0912,Paani,Dewarda,,Akola,Akola,Maharashtra,Dewarda,exact,20.949352806568847,76.98649925598924
p0913,Paani,Dhangarwadi,,Akola,Akola,Maharashtra,Dhangarwadi,exact,21.060161767291667,77.09568023193813
p0914,Paani,Dharel,,Akola,Akola,Maharashtra,Dharel,exact,20.90353726575115,77.03168621850388
p0915,Paani,Hanwadi,,Akola,Akola,Maharashtra,Hanwadi,exact,20.931571148985494,76.95198751871756
p0916,Paani,Jalgaon Nahate,,Akola,Akola,Maharashtra,Jalgaon Nahate,exact,21.08597296815385,76.999941191503
p0917,Paani,Jaulkhed Kh.,,Akola,Akola,Maharashtra, ,exact,20.900607895900876,77.06853813776051
p0918,Paani,Jitapur Pr. Rupagad,,Akola,Akola,Maharashtra,Jitapur Pr. Rupagad,exact,21.177707693375968,76.97878684877813
p0919,Paani,Kawasa Budruk,,Akola,Akola,Maharashtra,,district-centroid,20.828019346326744,77.0596950639737
p0920,Paani,Khairkhed,,Akola,Akola,Maharashtra,Khairkhed,exact,21.170119859444714,76.92752263602172
p0921,Paani,Kinkhed,,Akola,Akola,Maharashtra,Kinkhed,exact,20.411402855496565,77.129270865745
p0922,Paani,Manchanpur,,Akola,Akola,Maharashtra, ,exact,21.08103324910112,77.11363452360132
p0923,Paani,Palsod,,Akola,Akola,Maharashtra,Palsod,exact,20.964659067606373,77.00855115728983
p0924,Paani,Pilakwadi,,Akola,Akola,Maharashtra,Pilakwadi,exact,20.898585581741553,76.97536225530892
p0925,Paani,Punda,,Akola,Akola,Maharashtra,Punda,exact,21.015535265783058,77.1475944825472
p0926,Paani,Ramapur Dharur,,Akola,Akola,Maharashtra,,district-centroid,20.760953615315543,76.95866303511906
p0927,Paani,Rambhapur,,Akola,Akola,Maharashtra,Rambhapur,exact,20.71326407253433,77.1891704202702
p0928,Paani,Raundala,,Akola,Akola,Maharashtra,Raundala,exact,20.979635317738122,76.97167725937955
p0929,Paani,Rel,,Akola,Akola,Maharashtra,Rel,exact,20.92828198391694,77.05647082319456
p0930,Paani,Rudhadi Pr. Khatkali,,Akola,Akola,Maharashtra,Rudhadi Pr. Khatkali,exact,21.20799517153604,77.09567349086976
p0931,Paani,Ruikhed,,Akola,Akola,Maharashtra,Ruikhed,exact,21.177605504926873,77.15683888752821
p0932,Paani,Wadgaon Mendhe,,Akola,Akola,Maharashtra,Wadgaon Mendhe,exact,21.094446816532177,77.10713879372213
p0933,Paani,Alanda,,Akola,Akola,Maharashtra, ,exact,20.601340728777384,77.05665452758589
p0934,Paani,Bormali,,Akola,Akola,Maharashtra,Bormali,exact,20.47886645960489,77.03914985198537
p0935,Paani,Chohogaav,,Akola,Akola,Maharashtra,,district-centroid,20.802656810293342,77.11185583888114
p0936,Paani,Fetra,,Akola,Akola,Maharashtra,Fetra,exact,20.41407244672672,77.17996872603352
p0937,Paani,Ghota,,Akola,Akola,Maharashtra,Ghota,exact,20.567563790844652,77.32349430710507
p0938,Paani,Hatola,,Akola,Akola,Maharashtra,Hatola,exact,20.504198067337164,77.1997797111646
p0939,Paani,Jalalabad,,Akola,Akola,Maharashtra,Jalalabad,exact,20.53422550719448,76.98094842935193
p0940,Paani,Januna,,Akola,Akola,Maharashtra,Januna,exact,20.491148670819708,77.05245173992323
p0941,Paani,Kherda Kh.,,Akola,Akola,Maharashtra,Kherda Kh.,exact,20.519826206698664,77.29609032547634
p0942,Paani,Mahagaon Dhaba Mandal,,Akola,Akola,Maharashtra,,district-centroid,20.771493407734326,77.19035187426398
p0943,Paani,Mahagaon Mahan Mandal,,Akola,Akola,Maharashtra,,district-centroid,20.885116436171522,76.94949811584995
p0944,Paani,Nimbi Khurd,,Akola,Akola,Maharashtra,,district-centroid,20.702128292719014,77.1433221199485
p0945,Paani,Pardi,,Akola,Akola,Maharashtra,Pardi,exact,20.46556643032439,77.00117903839089
p0946,Paani,Pinjar 2,,Akola,Akola,Maharashtra,Pinjar,fuzzy,20.549957116583865,77.26664984684642
p0947,Paani,Punoti Kh.,,Akola,Akola,Maharashtra,Punoti Kh.,exact,20.514860295761263,77.0944704794934
p0948,Paani,Shindkhed,,Akola,Akola,Maharashtra,Shindkhed,exact,20.577140868248918,77.00473673850635
p0949,Paani,Sukli,,Akola,Akola,Maharashtra,,district-centroid,20.735751220819346,77.17259617745265
p0950,Paani,Tamsi,,Akola,Akola,Maharashtra,Tamsi,exact,20.54047487529875,77.16406363697013
p0951,Paani,Tiwasa Khurd,,Akola,Akola,Maharashtra,,district-centroid,20.921621329494805,77.05584238673933
p0952,Paani,Awagad,,Amravati,Amravati,Maharashtra,Awagad,exact,21.59468918094429,77.46821401166324
p0953,Paani,Badnapur,,Amravati,Amravati,Maharashtra,Badnapur,exact,21.35029307789191,77.37442846619071
p0954,Paani,Bamdehi,,Amravati,Amravati,Maharashtra,,district-centroid,21.128504003083663,77.4942959593125
p0955,Paani,Dahendri,,Amravati,Amravati,Maharashtra,Dahendri,exact,21.630720982733898,77.5562717414341
p0956,Paani,Dharamdoh 1,,Amravati,Amravati,Maharashtra,Dharamdoh,fuzzy,21.303594710385525,77.31016346096801
p0957,Paani,Gangadhari,,Amravati,Amravati,Maharashtra,Gangadhari,exact,21.300852213779226,77.35665747620061
p0958,Paani,Garajdari,,Amravati,Amravati,Maharashtra, ,exact,21.247158515558567,77.25713141306572
p0959,Paani,Karanjkheda,,Amravati,Amravati,Maharashtra,Karanjkheda,exact,21.717629420879167,77.37575901998775
p0960,Paani,Kulangana Bk.,,Amravati,Amravati,Maharashtra,Kulgana Bk.,fuzzy,21.340785930676233,77.29889137508542
p0961,Paani,Malkapur,,Amravati,Amravati,Maharashtra,Malkapur,exact,21.51669735837604,78.29817406405974
p0962,Paani,Morgad,,Amravati,Amravati,Maharashtra,Morgad,exact,21.279147608399068,77.31642672989409
p0963,Paani,Chinchargavhan,,Amravati,Amravati,Maharashtra,Chinchargavhan,exact,21.421739452767046,78.29591826563947
p0964,Paani,Dhaga,,Amravati,Amravati,Maharashtra,Dhaga,exact,21.423032502357984,78.37891950688983
p0965,Paani,Goregaon,,Amravati,Amravati,Maharashtra,Goregaon,exact,21.424699318343052,78.16757482105278
p0966,Paani,Ismailpur,,Amravati,Amravati,Maharashtra,Ismailpur,exact,21.405923336819047,78.38594987291955
p0967,Paani,Jamgaon Khadka,,Amravati,Amravati,Maharashtra,,district-centroid,21.13795764547711,77.65891953646569
p0968,Paani,Kati,,Amravati,Amravati,Maharashtra,Kati,exact,21.38056225530062,78.25166593484532
p0969,Paani,Khadka,,Amravati,Amravati,Maharashtra,Khadka,exact,21.450551769558647,78.12031489011184
p0970,Paani,Khanapur,,Amravati,Amravati,Maharashtra,Khanapur,exact,21.39651713781863,78.32679867774158
p0971,Paani,Mamdapur,,Amravati,Amravati,Maharashtra,Mamdapur,exact,21.385059677543204,78.1377516318274
p0972,Paani,Nagziri,,Amravati,Amravati,Maharashtra,Nagziri,exact,21.455694679583825,78.15475869041408
p0973,Paani,Palaswada,,Amravati,Amravati,Maharashtra,Palaswada,exact,21.348031288815157,78.18398019381075
p0974,Paani,Rajura Bajar,,Amravati,Amravati,Maharashtra,Rajura Bajar,exact,21.408294761795037,78.28113668402813
p0975,Paani,Rawala,,Amravati,Amravati,Maharashtra,Rawala,exact,21.56675194198876,78.27220762315362
p0976,Paani,Roshankhed,,Amravati,Amravati,Maharashtra,Roshankheda,exact,21.446991898647404,78.28876704525955
p0977,Paani,Satnoor,,Amravati,Amravati,Maharashtra,Satnoor,exact,21.55327017185181,78.29709903498737
p0978,Paani,Sawanga,,Amravati,Amravati,Maharashtra,Sawanga,exact,21.398800492388894,78.1822733849575
p0979,Paani,Tembhurkheda,,Amravati,Amravati,Maharashtra,Tembhurkheda,exact,21.497904904031817,78.23590219291823
p0980,Paani,Wadala,,Amravati,Amravati,Maharashtra,Wadala,exact,21.38065161176815,78.29108978097138
p0981,Paani,Wai Kh,,Amravati,Amravati,Maharashtra,Wai Kh,exact,21.569035902704506,78.35245280485256
p0982,Paani,Wawruli,,Amravati,Amravati,Maharashtra,Wawruli,exact,21.417652156136086,78.21852580067228
p0983,Paani,Zolamba,,Amravati,Amravati,Maharashtra,Zolamba,exact,21.388923003873344,78.1218571124721
p0984,Paani,Akola,,Beed,Beed,Maharashtra,Akola,exact,18.565444694458574,76.36504068702843
p0985,Paani,Ambajogai (Rural),,Beed,Beed,Maharashtra,Ambajogai (Rural),exact,18.74535923998053,76.38731684268784
p0986,Paani,Ambalwadi,,Beed,Beed,Maharashtra,Ambalwadi,exact,18.782241873308728,76.48787436298116
p0987,Paani,Bhawthana,,Beed,Beed,Maharashtra,Bhawthana,exact,18.78837648836207,76.29477838704089
p0988,Paani,Chanai,,Beed,Beed,Maharashtra,Chanai,exact,18.727169751175296,76.34361718512038
p0989,Paani,Chichkhandi,,Beed,Beed,Maharashtra,Chichkhandi,exact,18.819719338917384,76.31557426225088
p0990,Paani,Chothewadi,,Beed,Beed,Maharashtra,Chothewadi,exact,18.693123416081203,76.52977410392415
p0991,Paani,Daithana (Radi),,Beed,Beed,Maharashtra,Daithana Radi,exact,18.62517140154719,76.3952646429044
p0992,Paani,Devla,,Beed,Beed,Maharashtra,Devla,exact,18.575138427992385,76.32664306221456
p0993,Paani,Dhanora Bk.,,Beed,Beed,Maharashtra,Dhanora Bk.,exact,18.59124562145181,76.3679114246991
p0994,Paani,Dhanora Kh,,Beed,Beed,Maharashtra,Dhanora Bk.,fuzzy,18.59124562145181,76.3679114246991
p0995,Paani,Dhaswadi,,Beed,Beed,Maharashtra,Dhaswadi,exact,18.707237381353835,76.72270517366593
p0996,Paani,Dighol Amba,,Beed,Beed,Maharashtra,Dighol Amba,exact,18.676659705980736,76.28423394138912
p0997,Paani,Hatola,,Beed,Beed,Maharashtra,Hatola,exact,18.659363185998895,76.55347944933281
p0998,Paani,Katkarwadi,,Beed,Beed,Maharashtra,Katkarwadi,exact,18.73258687363491,76.69919117907165
p0999,Paani,Mamdapur (Parli),,Beed,Beed,Maharashtra,Mamdapur (parli),exact,18.62209231611345,76.33876302829258
p1000,Paani,Mandva Pathan,,Beed,Beed,Maharashtra,Mandva (pathan),exact,18.80914558964818,76.38906515742619
p1001,Paani,Multan Tanda,,Beed,Beed,Maharashtra,,district-centroid,19.10156319724943,75.8581405222887
p1002,Paani,Murambi,,Beed,Beed,Maharashtra,Murambi,exact,18.702547613787555,76.51638225721851
p1003,Paani,Nandgaon,,Beed,Beed,Maharashtra,Nandgaon,exact,18.635269711941962,76.45044403180249
p1004,Paani,Pokhari,,Beed,Beed,Maharashtra,Pandhari,exact,18.77658586058305,75.24118711844592
p1005,Paani,Sakud,,Beed,Beed,Maharashtra,Sakud,exact,18.79101494747532,76.42944630622313
p1006,Paani,Sugaon,,Beed,Beed,Maharashtra,Sugaon,exact,18.62723240717291,76.42091776070453
p1007,Paani,Talni,,Beed,Beed,Maharashtra,Talni,exact,18.735413783804734,76.51654649638068
p1008,Paani,Ujani,,Beed,Beed,Maharashtra,Ujani,exact,18.7118013943298,76.69296339974926
p1009,Paani,Chinchala,,Beed,Beed,Maharashtra,Chinchala,exact,19.045791074768427,76.11461455970344
p1010,Paani,Dadegaon,,Beed,Beed,Maharashtra,Dadegaon,exact,18.971573950202213,75.0913885572161
p1011,Paani,Daithna,,Beed,Beed,Maharashtra,,district-centroid,18.88066253961484,75.9201333054336
p1012,Paani,Desur,,Beed,Beed,Maharashtra,Desur,exact,18.866135755898494,75.21052394404008
p1013,Paani,Gandhanwadi,,Beed,Beed,Maharashtra,Gandhanwadi,exact,18.759963495879095,75.25304868320434
p1014,Paani,Ghata Pimpri,,Beed,Beed,Maharashtra,Ghata Pimpri,exact,19.005247501543135,75.09858903678743
p1015,Paani,Hivara,,Beed,Beed,Maharashtra,Hivara,exact,18.975035535519204,75.02680801206517
p1016,Paani,Karkhel Kh.,,Beed,Beed,Maharashtra,Karkhel Kh.,exact,19.04567542244105,75.00145135166538
p1017,Paani,Kasari,,Beed,Beed,Maharashtra,Kasari,exact,18.770341044182267,76.07626756036701
p1018,Paani,Kel,,Beed,Beed,Maharashtra,Kel,exact,19.079495120312583,74.937917863803
p1019,Paani,Morala,,Beed,Beed,Maharashtra,Morala,exact,19.05169899390605,75.23723553136135
p1020,Paani,Nandur,,Beed,Beed,Maharashtra,Nandur,exact,19.154831886024237,76.17555697004339
p1021,Paani,Nimgaon Chaubha,,Beed,Beed,Maharashtra,Nimgaon Chaubha,exact,18.842309048143353,75.07801979327245
p1022,Paani,Rui Nalkol,,Beed,Beed,Maharashtra,Rui Nalkol,exact,18.82807246080613,75.03034374126642
p1023,Paani,Salewadgaon,,Beed,Beed,Maharashtra,Salewadgaon,exact,19.018689825722458,74.96921021072457
p1024,Paani,Sangvi Ashti,,Beed,Beed,Maharashtra,Sangvi Ashti,exact,18.70662321825215,75.11212291512709
p1025,Paani,Shiral,,Beed,Beed,Maharashtra,Shiral,exact,18.787115873185034,75.06946792073954
p1026,Paani,Shirapur,,Beed,Beed,Maharashtra,Shirapur,exact,18.883787115193186,75.02004650238925
p1027,Paani,Solapurwadi,,Beed,Beed,Maharashtra,Solapurwadi,exact,18.906097807585432,74.95073702903925
p1028,Paani,Suleman Deola,,Beed,Beed,Maharashtra,Suleman Deola,exact,18.99718732805708,75.01509269361827
p1029,Paani,Tagadkhel,,Beed,Beed,Maharashtra,Tagadkhel,exact,19.062678046788474,75.029556670133
p1030,Paani,Takalsing,,Beed,Beed,Maharashtra,Takalsing,exact,18.738864453357543,75.11533733220743
p1031,Paani,Waki,,Beed,Beed,Maharashtra,Waki,exact,18.76685520946762,75.04919000312941
p1032,Paani,Wanjarwadi,,Beed,Beed,Maharashtra,Wanjarwadi,exact,18.97856273347463,75.63691802178454
p1033,Paani,Welturi,,Beed,Beed,Maharashtra,Welturi,exact,19.06382175895419,75.0610836410411
p1034,Paani,Aher Nimgaon,,Beed,Beed,Maharashtra,Aher Nimgaon,exact,19.042029866628635,75.79200547768444
p1035,Paani,Anjanwati,,Beed,Beed,Maharashtra,Anjanwati,exact,18.769752847444252,75.67135196750553
p1036,Paani,Atharwan Pimpri,,Beed,Beed,Maharashtra,Atharwan Pimpri,exact,19.022063484252357,75.80765844705803
p1037,Paani,Bahadarpur,,Beed,Beed,Maharashtra,Bahadarpur,exact,19.09624157741508,75.63005166830423
p1038,Paani,Bhandarwadi,,Beed,Beed,Maharashtra,Bhandarwadi,exact,18.871081004478004,75.80865565078619
p1039,Paani,Borkhed,,Beed,Beed,Maharashtra,Borkhed,exact,18.742485165895147,75.62965643907212
p1040,Paani,Chakurwadi,,Beed,Beed,Maharashtra,Chakurwadi,exact,18.762537131295684,75.82066925153947
p1041,Paani,Doiphodwadi,,Beed,Beed,Maharashtra,Doiphodwadi,exact,18.800034375959672,75.84225516846465
p1042,Paani,Hingane Bk.,,Beed,Beed,Maharashtra,,district-centroid,19.01456273346566,75.7727815540708
p1043,Paani,Hingani Kh.,,Beed,Beed,Maharashtra,Hingani Kh.,exact,18.68898847482269,75.73608175751825
p1044,Paani,Karegavhan,,Beed,Beed,Maharashtra,Karegavhan,exact,18.880842071424823,75.83432711497532
p1045,Paani,Kesapuri,,Beed,Beed,Maharashtra,Kesapuri,exact,19.03863122688579,76.01462007166802
p1046,Paani,Khandala,,Beed,Beed,Maharashtra,Khandala,exact,18.839918707339116,75.68750494844348
p1047,Paani,Kurla,,Beed,Beed,Maharashtra,Kurla,exact,19.089226047041155,75.80047436311565
p1048,Paani,Mahajanwadi,,Beed,Beed,Maharashtra,Mahajanwadi,exact,18.77367591094446,75.61966347757959
p1049,Paani,Mainda,,Beed,Beed,Maharashtra,,district-centroid,19.0173845117897,75.89608256012083
p1050,Paani,Pali,,Beed,Beed,Maharashtra,Pali,exact,18.905317960720435,75.75363894783352
p1051,Paani,Palsingan,,Beed,Beed,Maharashtra,Palsingan,exact,18.67539615029262,75.78897938500457
p1052,Paani,Palwan,,Beed,Beed,Maharashtra,Palwan,exact,18.969591012802315,75.71600086217451
p1053,Paani,Parbhani,,Beed,Beed,Maharashtra,Parbhani,exact,19.049224079943524,76.00526632315623
p1054,Paani,Pendgaon,,Beed,Beed,Maharashtra,Pendgaon,exact,19.0807522250756,75.74695405028208
p1055,Paani,Pimpaladevi,,Beed,Beed,Maharashtra,Pimpaladevi,exact,19.104870394156453,75.99335163644255
p1056,Paani,Pimpalgaon (Majara),,Beed,Beed,Maharashtra,Pimpalgaon (Majara),exact,19.05718597589791,75.87528590004732
p1057,Paani,Pimpalner,,Beed,Beed,Maharashtra,Pimpalner,exact,19.057284172452555,75.9487932127867
p1058,Paani,Pimparnai,,Beed,Beed,Maharashtra,Pimparnai,exact,18.848950197107335,75.63848904197785
p1059,Paani,Raulasgaon,,Beed,Beed,Maharashtra,Raulasgaon,exact,18.753404524652357,75.704292282366
p1060,Paani,Safepur,,Beed,Beed,Maharashtra,Safepur,exact,18.805877241839934,75.746481729977
p1061,Paani,Sakshalpimpri,,Beed,Beed,Maharashtra,Sakshal Pimpri,fuzzy,19.089558981814598,75.60964949241311
p1062,Paani,Sanapwadi,,Beed,Beed,Maharashtra,Sanapwadi,exact,18.83388516414416,75.83449429365915
p1063,Paani,Tandulwadi Ghat,,Beed,Beed,Maharashtra,Tandulwadi Ghat,exact,18.762857810961027,75.74218222314715
p1064,Paani,Udandwadgaon,,Beed,Beed,Maharashtra,Udandwadgaon,exact,18.811198636327553,75.71877004484834
p1065,Paani,Umri,,Beed,Beed,Maharashtra,Umri,exact,18.748432698777368,76.01260083333203
p1066,Paani,Wadgaon (Kalsambar),,Beed,Beed,Maharashtra,Wadgaon (Kalsambar),exact,18.85420523005326,75.82478138253924
p1067,Paani,Wadhavana,,Beed,Beed,Maharashtra,Wadhavana,exact,18.678274309901752,75.62806403033225
p1068,Paani,Aadhingani,,Beed,Beed,Maharashtra,Aad-Hingani,fuzzy,18.95533183143793,76.26151065149628
p1069,Paani,Chatgaon,,Beed,Beed,Maharashtra,Chatgaon,exact,18.966613762985503,76.22968885786055
p1070,Paani,Choramba,,Beed,Beed,Maharashtra,Choramba,exact,18.877169582034586,76.09075570170154
p1071,Paani,Hingani Kh,,Beed,Beed,Maharashtra,Hingani Kh.,exact,18.68898847482269,75.73608175751825
p1072,Paani,Kasari,,Beed,Beed,Maharashtra,Kasari,exact,18.770341044182267,76.07626756036701
p1073,Paani,Khodas,,Beed,Beed,Maharashtra,Khodas,exact,18.80463651007644,76.21564457971873
p1074,Paani,Moraphali,,Beed,Beed,Maharashtra,,district-centroid,18.937736167995133,75.7038092572672
p1075,Paani,Rui Dharur,,Beed,Beed,Maharashtra,Rui Dharur,exact,18.8363028053012,76.22118570762788
p1076,Paani,Telgaon,,Beed,Beed,Maharashtra,,district-centroid,18.862650078833916,75.73917579597494
p1077,Paani,Adas,,Beed,Beed,Maharashtra,Adas,exact,18.777531507977585,76.22674804758557
p1078,Paani,Anandgaon,,Beed,Beed,Maharashtra,Anandgaon,exact,18.662546734959193,76.15281263577151
p1079,Paani,Borisawargaon,,Beed,Beed,Maharashtra,Borisawargaon,exact,18.65493946309034,76.23589701626815
p1080,Paani,Daithana,,Beed,Beed,Maharashtra,Daithana,exact,18.656688150343467,75.92602919113497
p1081,Paani,Gotegaon,,Beed,Beed,Maharashtra,Gotegaon,exact,18.63505261359439,76.0924505081277
p1082,Paani,Hanumant Pimpri,,Beed,Beed,Maharashtra,Hanumant Pimpri,exact,18.676716810764045,75.94721961152848
p1083,Paani,Kalegaon Ghat,,Beed,Beed,Maharashtra,Kalegaon Ghat,exact,18.69846071478128,75.94546090332602
p1084,Paani,Kaprewadi,,Beed,Beed,Maharashtra,Kaprewadi,exact,18.67007572380093,75.96290534481923
p1085,Paani,Kashidwadi,,Beed,Beed,Maharashtra,Kashidwadi,exact,18.821950325970352,75.9849920247994
p1086,Paani,Ladewadgaon,,Beed,Beed,Maharashtra,Ladewadgaon,exact,18.739916824466267,76.24697003385236
p1087,Paani,Lahuri,,Beed,Beed,Maharashtra,Lavhari,exact,18.78549341100538,76.01872541562804
p1088,Paani,Mangwadgaon,,Beed,Beed,Maharashtra,Mangwadgaon,exact,18.608569070719398,76.03512869689463
p1089,Paani,Sarukwadi,,Beed,Beed,Maharashtra,Sarukwadi,exact,18.654065490688126,76.00127427395414
p1090,Paani,Satephal,,Beed,Beed,Maharashtra,Satephal,exact,18.672468267779777,76.34552750643051
p1091,Paani,Sawleshwar,,Beed,Beed,Maharashtra,Sawleshwar,exact,18.647240410852433,76.19038412152126
p1092,Paani,Tukuchiwadi,,Beed,Beed,Maharashtra,Tukuchiwadi,exact,18.851218114279284,75.9879756362316
p1093,Paani,Umri,,Beed,Beed,Maharashtra,Umri,exact,18.748432698777368,76.01260083333203
p1094,Paani,Yewta,,Beed,Beed,Maharashtra,Yewta,exact,18.797266422896485,75.99133471239637
p1095,Paani,Yusufwadgav,,Beed,Beed,Maharashtra,,district-centroid,19.048069091666672,75.76293661069244
p1096,Paani,Borakhedi,,Buldhana,Buldhana,Maharashtra,Borakhedi Sanglad,exact,20.667602914567436,76.19846945093694
p1097,Paani,Chinchpur,,Buldhana,Buldhana,Maharashtra, ,exact,20.446392300574377,76.57245067321874
p1098,Paani,Dabha,,Buldhana,Buldhana,Maharashtra,Dabha,exact,20.57020984821377,76.11780942904974
p1099,Paani,Dhamangaon Badhe Bhag 1,,Buldhana,Buldhana,Maharashtra,,district-centroid,20.457981661908853,76.41981654427846
p1100,Paani,Khamkhed,,Buldhana,Buldhana,Maharashtra,Khamkhed,exact,21.080277878419814,76.52580660692294
p1101,Paani,Kharbadi,,Buldhana,Buldhana,Maharashtra,Kharbadi,exact,20.662442660369255,76.22654661928075
p1102,Paani,Shelgaon Bajar,,Buldhana,Buldhana,Maharashtra,Shelgaon Bajar,exact,20.79133828041657,76.14568961180069
p1103,Paani,Shirwa,,Buldhana,Buldhana,Maharashtra,Shirwa,exact,20.63398967163464,76.2300322958693
p1104,Paani,Sindkhed Lapali,,Buldhana,Buldhana,Maharashtra,,district-centroid,20.538109435340697,76.37613660885027
p1105,Paani,Talkhed,,Buldhana,Buldhana,Maharashtra,Talkhed,exact,20.746676813704983,76.22956572850141
p1106,Paani,Ubalkhed,,Buldhana,Buldhana,Maharashtra,Ubalkhed,exact,20.597968174931488,76.0919680058135
p1107,Paani,Azampur,,Chhatrapati Sambhajinagar,Aurangabad,Maharashtra,Azampur,exact,20.108818921272718,75.1500353935528
p1108,Paani,Bodkha,,Chhatrapati Sambhajinagar,Aurangabad,Maharashtra,Bodkha,exact,20.161845426254494,75.26244649633934
p1109,Paani,Dhamangaon,,Chhatrapati Sambhajinagar,Aurangabad,Maharashtra, ,exact,20.136884136345078,75.26895066394
p1110,Paani,Gadana,,Chhatrapati Sambhajinagar,Aurangabad,Maharashtra,Gadana,exact,20.043667507263113,75.27383223642221
p1111,Paani,Golegaon,,Chhatrapati Sambhajinagar,Aurangabad,Maharashtra,Golegaon,exact,19.860112770081646,75.04805445790555
p1112,Paani,Indapur,,Chhatrapati Sambhajinagar,Aurangabad,Maharashtra,Indapur,exact,20.148721194198703,75.28069627489387
p1113,Paani,Jafarwadi,,Chhatrapati Sambhajinagar,Aurangabad,Maharashtra,Jafarwadi,exact,20.035556496430647,75.28913683344767
p1114,Paani,Kasabkheda,,Chhatrapati Sambhajinagar,Aurangabad,Maharashtra,Kasabkheda,exact,20.008349928508284,75.12343385607485
p1115,Paani,Khandi Pimpalgaon,,Chhatrapati Sambhajinagar,Aurangabad,Maharashtra,Khandi Pimpalgaon,exact,20.02642290472777,75.31254699452016
p1116,Paani,Loni,,Chhatrapati Sambhajinagar,Aurangabad,Maharashtra,Loni,exact,20.151711896804695,75.23437103098031
p1117,Paani,Nandrabad,,Chhatrapati Sambhajinagar,Aurangabad,Maharashtra,Nandrabad,exact,19.694009324830525,75.132697109406
p1118,Paani,Palasgaon,,Chhatrapati Sambhajinagar,Aurangabad,Maharashtra,Palasgaon,exact,19.814508657194768,75.07261061087449
p1119,Paani,Rail,,Chhatrapati Sambhajinagar,Aurangabad,Maharashtra,Rail,exact,20.130792193588476,75.28205030632807
p1120,Paani,Salukheda,,Chhatrapati Sambhajinagar,Aurangabad,Maharashtra,Salukheda,exact,20.002230973203623,75.215595719366
p1121,Paani,Sarai,,Chhatrapati Sambhajinagar,Aurangabad,Maharashtra,Sarai,exact,20.016352648956236,75.22078931404252
p1122,Paani,Sawkheda,,Chhatrapati Sambhajinagar,Aurangabad,Maharashtra,Sawkheda,exact,20.181161718351913,75.24639234151525
p1123,Paani,Shahjatpur,,Chhatrapati Sambhajinagar,Aurangabad,Maharashtra,Shahjatpur,exact,19.893053907202496,74.94379272804689
p1124,Paani,Shekapuri,,Chhatrapati Sambhajinagar,Aurangabad,Maharashtra,Shekapuri,exact,20.04308991721101,75.12541386500179
p1125,Paani,Shekhapur,,Chhatrapati Sambhajinagar,Aurangabad,Maharashtra,Shekhapur,exact,20.45730351252216,75.53089594190435
p1126,Paani,Sonkheda,,Chhatrapati Sambhajinagar,Aurangabad,Maharashtra,Sonkheda,exact,20.010403363767324,75.2423132281877
p1127,Paani,Takali Rajaray,,Chhatrapati Sambhajinagar,Aurangabad,Maharashtra,,district-centroid,20.097234010448368,75.25220405416499
p1128,Paani,Wadhod Bk.,,Chhatrapati Sambhajinagar,Aurangabad,Maharashtra,Wadhod Bk.,exact,20.07213562421771,75.31548733195413
p1129,Paani,Wadhod Kh,,Chhatrapati Sambhajinagar,Aurangabad,Maharashtra,Wadhod Kh,exact,20.093808423621308,75.30314072180892
p1130,Paani,Yesgaon,,Chhatrapati Sambhajinagar,Aurangabad,Maharashtra,Yesgaon,exact,19.787846382373594,75.09716402398963
p1131,Paani,Bhawadi,,Chhatrapati Sambhajinagar,Aurangabad,Maharashtra,Bhawadi,exact,20.132018452573178,75.54885018682658
p1132,Paani,Borgaon Arj,,Chhatrapati Sambhajinagar,Aurangabad,Maharashtra,Borgaon Arj,exact,20.159776318950765,75.58733124374268
p1133,Paani,Daregaon,,Chhatrapati Sambhajinagar,Aurangabad,Maharashtra,Daregaon,exact,20.196914101467335,75.31578570465233
p1134,Paani,Dhanora,,Chhatrapati Sambhajinagar,Aurangabad,Maharashtra,Dhanora,exact,20.320886398354254,75.57050559918945
p1135,Paani,Hiwara,,Chhatrapati Sambhajinagar,Aurangabad,Maharashtra,Hiwara,exact,20.23692266244355,75.44530408865172
p1136,Paani,Mamnabad,,Chhatrapati Sambhajinagar,Aurangabad,Maharashtra,Mamnabad,exact,20.187930558390246,75.462462331918
p1137,Paani,Naigaon,,Chhatrapati Sambhajinagar,Aurangabad,Maharashtra,Naigaon,exact,19.42149033938718,75.4543847098682
p1138,Paani,Pimpalgaon Gangdeo,,Chhatrapati Sambhajinagar,Aurangabad,Maharashtra,Pimpalgaon Gangdeo,exact,20.097728279077828,75.50679449953476
p1139,Paani,Shelgaon Kh.,,Chhatrapati Sambhajinagar,Aurangabad,Maharashtra,Shelgaon (j),fuzzy,20.36315826545219,75.4290155826606
p1140,Paani,Sonari Bk.,,Chhatrapati Sambhajinagar,Aurangabad,Maharashtra,Sonari Bk.,exact,20.214332713686343,75.39890083084588
p1141,Paani,Wadod Bajar,,Chhatrapati Sambhajinagar,Aurangabad,Maharashtra,Wadod Bajar,exact,20.144177010067395,75.52642555880323
p1142,Paani,Wahegaon,,Chhatrapati Sambhajinagar,Aurangabad,Maharashtra,Wahegaon,exact,19.564984011474206,75.39886812784924
p1143,Paani,Agar Saigaon,,Chhatrapati Sambhajinagar,Aurangabad,Maharashtra,Agar Saigaon,exact,19.90464970301613,74.80901242008075
p1144,Paani,Aghur,,Chhatrapati Sambhajinagar,Aurangabad,Maharashtra,Aghur,exact,19.950221738657017,74.76707506994525
p1145,Paani,Awwalgaon,,Chhatrapati Sambhajinagar,Aurangabad,Maharashtra,Awwalgaon,exact,19.727020281844958,74.8215410685212
p1146,Paani,Bhaigaon Vaijapur,,Chhatrapati Sambhajinagar,Aurangabad,Maharashtra,Bhaigaon Vaijapur,exact,20.002174583155007,74.70304185060891
p1147,Paani,Bhaur,,Chhatrapati Sambhajinagar,Aurangabad,Maharashtra,Bhaur,exact,19.847266554642424,74.66981502466999
p1148,Paani,Bhivgaon,,Chhatrapati Sambhajinagar,Aurangabad,Maharashtra, ,exact,19.964630115009438,74.84897803467297
p1149,Paani,Borsar,,Chhatrapati Sambhajinagar,Aurangabad,Maharashtra,Borsar,exact,19.98394283893128,74.85588211855737
p1150,Paani,Chikatgaon,,Chhatrapati Sambhajinagar,Aurangabad,Maharashtra,Chikatgaon,exact,20.127921879757437,74.74799163559538
p1151,Paani,Dongaon,,Chhatrapati Sambhajinagar,Aurangabad,Maharashtra,Dongaon,exact,19.946063193505005,75.087291374847
p1152,Paani,Golwadi,,Chhatrapati Sambhajinagar,Aurangabad,Maharashtra,Golwadi,exact,19.91861778970162,74.87208192564216
p1153,Paani,Jalgaon,,Chhatrapati Sambhajinagar,Aurangabad,Maharashtra,Hargovindpur,exact,19.868703442022394,74.92905954628145
p1154,Paani,Khandala,,Chhatrapati Sambhajinagar,Aurangabad,Maharashtra,Khandala,exact,19.49514137166868,75.58524119011956
p1155,Paani,Koradgaon,,Chhatrapati Sambhajinagar,Aurangabad,Maharashtra,Hilalpur,exact,20.084006042953536,74.77864138582734
p1156,Paani,Lakh Khandala,,Chhatrapati Sambhajinagar,Aurangabad,Maharashtra,Panvi Kh.,exact,19.9815047530153,74.68903583844788
p1157,Paani,Manoli,,Chhatrapati Sambhajinagar,Aurangabad,Maharashtra,Manoli,exact,20.149187543722213,74.9151484082091
p1158,Paani,Manoor,,Chhatrapati Sambhajinagar,Aurangabad,Maharashtra,Pokhari,exact,20.086067344601865,74.96555547549666
p1159,Paani,Murshadpur,,Chhatrapati Sambhajinagar,Aurangabad,Maharashtra,Murshadpur,exact,19.98065292048682,75.59216494901108
p1160,Paani,Nadi,,Chhatrapati Sambhajinagar,Aurangabad,Maharashtra,Bhalgaon,exact,19.767403852139065,74.7508522669764
p1161,Paani,Palkhed,,Chhatrapati Sambhajinagar,Aurangabad,Maharashtra,Palkhed,exact,19.901429782825154,74.90095500395661
p1162,Paani,Panvi Kh.,,Chhatrapati Sambhajinagar,Aurangabad,Maharashtra,Panvi Kh.,exact,19.9815047530153,74.68903583844788
p1163,Paani,Panvi Khandala,,Chhatrapati Sambhajinagar,Aurangabad,Maharashtra,Chandgaon,exact,19.958871424847462,74.70523156572285
p1164,Paani,Parsoda,,Chhatrapati Sambhajinagar,Aurangabad,Maharashtra,Parsoda,exact,19.924490154163415,74.83235755820651
p1165,Paani,Pendephal,,Chhatrapati Sambhajinagar,Aurangabad,Maharashtra,Pendephal,exact,20.104197044139877,74.83541360719293
p1166,Paani,Pokhari,,Chhatrapati Sambhajinagar,Aurangabad,Maharashtra,Pokhari,exact,20.086067344601865,74.96555547549666
p1167,Paani,Raghunathpurwadi,,Chhatrapati Sambhajinagar,Aurangabad,Maharashtra,,district-centroid,20.071157584839572,75.39564945776031
p1168,Paani,Sanjarpurwadi,,Chhatrapati Sambhajinagar,Aurangabad,Maharashtra,Sanjarpurwadi,exact,19.990835231933325,74.89105474817907
p1169,Paani,Satana,,Chhatrapati Sambhajinagar,Aurangabad,Maharashtra,Mhaski,exact,19.846169779919382,74.76072351409648
p1170,Paani,Shahjatpur,,Chhatrapati Sambhajinagar,Aurangabad,Maharashtra,Shahjatpur,exact,19.893053907202496,74.94379272804689
p1171,Paani,Talwada,,Chhatrapati Sambhajinagar,Aurangabad,Maharashtra,Bhadali,exact,20.167236064136905,74.74515175884984
p1172,Paani,Tembhi,,Chhatrapati Sambhajinagar,Aurangabad,Maharashtra,Kautgaon,exact,19.78809894354446,74.80283035399432
p1173,Paani,Virgaon,,Chhatrapati Sambhajinagar,Aurangabad,Maharashtra,Virgaon,exact,19.814276950551655,74.76358942819978
p1174,Paani,Wakla,,Chhatrapati Sambhajinagar,Aurangabad,Maharashtra,Talwada,exact,20.184675084398926,74.78553651311552
p1175,Paani,Baur,,Hingoli,Hingoli,Maharashtra,Baur,exact,19.490761368439642,77.37569835721908
p1176,Paani,Digras Tarf Kondur,,Hingoli,Hingoli,Maharashtra,Digras Tarf Kondur,exact,19.58802201397064,77.32138784741606
p1177,Paani,Dongargaon Pul,,Hingoli,Hingoli,Maharashtra,Dongargaon Pul,exact,19.562435137831955,77.40395871322787
p1178,Paani,Kadapdeo,,Hingoli,Hingoli,Maharashtra,Kadapdeo,exact,19.71891740819446,77.39019417286214
p1179,Paani,Kalamkonda Kh.,,Hingoli,Hingoli,Maharashtra,Kalamkonda Kh.,exact,19.66102189135232,77.27151874296173
p1180,Paani,Kandli,,Hingoli,Hingoli,Maharashtra,Kandli,exact,19.499417584554593,77.39733344886578
p1181,Paani,Kumbharwadi,,Hingoli,Hingoli,Maharashtra,Kumbharwadi,exact,19.46166888326438,77.4162542178971
p1182,Paani,Malegaon,,Hingoli,Hingoli,Maharashtra,Malegaon,exact,19.650098257391885,77.35228648265739
p1183,Paani,Mhaisgavhan,,Hingoli,Hingoli,Maharashtra,Mhaisgavhan,exact,19.5820890702612,77.2739332718321
p1184,Paani,Morwad,,Hingoli,Hingoli,Maharashtra,Morwad,exact,19.77466058565758,77.30784346040909
p1185,Paani,Pethvadgaon,,Hingoli,Hingoli,Maharashtra,Pethvadgaon,exact,19.518908096288918,77.35382570274251
p1186,Paani,Potra,,Hingoli,Hingoli,Maharashtra,Potra,exact,19.528143898034738,77.297092592477
p1187,Paani,Rudrawadi,,Hingoli,Hingoli,Maharashtra,Rudrawadi,exact,19.52712293072807,77.37688946828467
p1188,Paani,Sadas Tarf Nandapur,,Hingoli,Hingoli,Maharashtra,Sadas Tarf Nandapur,exact,19.626167140936587,77.28983604316005
p1189,Paani,Salegaon,,Hingoli,Hingoli,Maharashtra,Salegaon,exact,19.6089813836459,77.28135377742244
p1190,Paani,Wai,,Hingoli,Hingoli,Maharashtra,Wai,exact,19.693751234027634,77.36481505733799
p1191,Paani,Amalner,,Jalgaon,Jalgaon,Maharashtra,,district-centroid,20.91107885320892,75.57447224964928
p1192,Paani,Borgaon,,Jalgaon,Jalgaon,Maharashtra,Borgaon,exact,21.12361765424334,75.00993861271697
p1193,Paani,Chimanpuri,,Jalgaon,Jalgaon,Maharashtra,Chimanpuri,exact,21.032021280193668,74.98194135575282
p1194,Paani,Dangar Bk.,,Jalgaon,Jalgaon,Maharashtra,Dangar Bk.,exact,20.959792855671022,74.94831932002857
p1195,Paani,Ekrukhi,,Jalgaon,Jalgaon,Maharashtra,Ekrukhi,exact,20.98648619005522,75.13946958599928
p1196,Paani,Ektas,,Jalgaon,Jalgaon,Maharashtra,Ektas,exact,21.144158007341435,74.93390024532319
p1197,Paani,Fapore Bk.,,Jalgaon,Jalgaon,Maharashtra,Fapore Bk.,exact,20.983978684410975,75.04390952849904
p1198,Paani,Govardhan,,Jalgaon,Jalgaon,Maharashtra,Govardhan,exact,21.140272359935235,75.01678284111128
p1199,Paani,Hedave,,Jalgaon,Jalgaon,Maharashtra,Hedave,exact,21.012244863122493,75.10054412359216
p1200,Paani,Kachare,,Jalgaon,Jalgaon,Maharashtra,Kachare,exact,21.078088941014244,75.14639508041036
p1201,Paani,Kanhere,,Jalgaon,Jalgaon,Maharashtra,Kanhere,exact,20.980416299325178,75.06375120916283
p1202,Paani,Kharde,,Jalgaon,Jalgaon,Maharashtra,Kharde,exact,21.13701427803016,74.96991521442675
p1203,Paani,Khedi Sim Pr. J.,,Jalgaon,Jalgaon,Maharashtra,Khedi Seem Pr. J.,fuzzy,21.12722984307293,75.131990435615
p1204,Paani,Khokarpat,,Jalgaon,Jalgaon,Maharashtra,Khokar Pat,fuzzy,20.995823231353604,75.08465413466055
p1205,Paani,Kodaval,,Jalgaon,Jalgaon,Maharashtra,Kondaval,fuzzy,20.93868098189358,74.92953095413517
p1206,Paani,Marwad,,Jalgaon,Jalgaon,Maharashtra,Marwad,exact,21.12652676718425,75.03108659585894
p1207,Paani,Mhasale,,Jalgaon,Jalgaon,Maharashtra,Mhasale,exact,21.03150721964016,75.20102889191656
p1208,Paani,Pilode,,Jalgaon,Jalgaon,Maharashtra,Pilode,exact,21.09694119830882,75.11856968776345
p1209,Paani,Shirud,,Jalgaon,Jalgaon,Maharashtra,Shirud,exact,20.99043021203694,75.02032860223673
p1210,Paani,Takarkheda,,Jalgaon,Jalgaon,Maharashtra,,district-centroid,20.792168452972014,75.51835826451055
p1211,Paani,Vasare,,Jalgaon,Jalgaon,Maharashtra,Wasare,fuzzy,21.148161818947546,74.97512207566137
p1212,Paani,Wavade,,Jalgaon,Jalgaon,Maharashtra,,district-centroid,20.84670463889207,75.5882991983194
p1213,Paani,Betawad Bk,,Jalgaon,Jalgaon,Maharashtra,Betawad Bk,exact,20.775044266203167,75.97373852485691
p1214,Paani,Chinchakhede Bk,,Jalgaon,Jalgaon,Maharashtra,Chinchakhede Bk.,exact,20.58128933140743,75.3044569334184
p1215,Paani,Devalasgaon,,Jalgaon,Jalgaon,Maharashtra,Devlasgaon,fuzzy,20.767773436931662,75.93660803284284
p1216,Paani,Ekulti Kh,,Jalgaon,Jalgaon,Maharashtra,Ekulti Kh,exact,20.725400192231067,75.62028373871172
p1217,Paani,Godri,,Jalgaon,Jalgaon,Maharashtra,Godri,exact,20.592419010048822,75.90336109710093
p1218,Paani,Gondkhed,,Jalgaon,Jalgaon,Maharashtra,Gondkhel,fuzzy,20.785698509743646,75.7128133799119
p1219,Paani,Jalandri Bk.,,Jalgaon,Jalgaon,Maharashtra,Jalandri Bk.,exact,20.701745270583153,75.88352592099677
p1220,Paani,Kapuswadi,,Jalgaon,Jalgaon,Maharashtra,Kapuswadi,exact,20.705361617610023,75.97729876430076
p1221,Paani,Kasali,,Jalgaon,Jalgaon,Maharashtra,Kasali,exact,20.700524102366995,75.84508283736383
p1222,Paani,Kekat Nimbora,,Jalgaon,Jalgaon,Maharashtra,Kekat Nimbhora,fuzzy,20.820262919354363,75.71280745120457
p1223,Paani,Khadgaon,,Jalgaon,Jalgaon,Maharashtra,Khadgaon,exact,20.88286344934477,75.73704889951307
p1224,Paani,Mohadi,,Jalgaon,Jalgaon,Maharashtra,Mohadi,exact,20.94419822087838,75.16478606102793
p1225,Paani,Moygaon Bk,,Jalgaon,Jalgaon,Maharashtra,,district-centroid,20.935370816464665,75.57178583586155
p1226,Paani,Moykhede Digar,,Jalgaon,Jalgaon,Maharashtra,Moyakhede Digar,fuzzy,20.7460415137975,75.91575745294831
p1227,Paani,Ozar Bk.,,Jalgaon,Jalgaon,Maharashtra,Ozar Bk.,exact,20.775723240803806,75.82534974756081
p1228,Paani,Ozar Kh.,,Jalgaon,Jalgaon,Maharashtra,Ozar Kh.,exact,20.778783564539236,75.79970710757534
p1229,Paani,Palasakhede.Pr.Na,,Jalgaon,Jalgaon,Maharashtra,,district-centroid,21.025475571000626,75.49247116813565
p1230,Paani,Samrod,,Jalgaon,Jalgaon,Maharashtra,Samrod,exact,20.748769639171417,75.87626033046641
p1231,Paani,Savatkhede,,Jalgaon,Jalgaon,Maharashtra,,district-centroid,20.998888970065938,75.60158284413707
p1232,Paani,Shelgaon,,Jalgaon,Jalgaon,Maharashtra,Shelgaon,exact,21.094112344286646,75.67546883634968
p1233,Paani,Sonale,,Jalgaon,Jalgaon,Maharashtra,Sonale,exact,20.736803391716066,75.69908034570845
p1234,Paani,Sunasgaon Bk.,,Jalgaon,Jalgaon,Maharashtra,Sunasgaon Bk.,exact,20.798317464881016,75.63786353489763
p1235,Paani,Takali Bk.,,Jalgaon,Jalgaon,Maharashtra,Takali Bk.,exact,20.56076894831743,75.17977328027648
p1236,Paani,Wadgaon Saddo,,Jalgaon,Jalgaon,Maharashtra,Wadgaon Saddo,exact,20.635786212744648,75.83961996654796
p1237,Paani,Agra,,Nagpur,Nagpur,Maharashtra,Agra,exact,21.438749269870296,78.71683057473535
p1238,Paani,Ambada (Deshmukh),,Nagpur,Nagpur,Maharashtra,Ambada (Deshmukh),exact,21.459210924644058,78.61608273518168
p1239,Paani,Ambada(Saywada),,Nagpur,Nagpur,Maharashtra,Ambada,exact,21.312851041151763,78.50215035021043
p1240,Paani,Banor(Pithori),,Nagpur,Nagpur,Maharashtra,Pithori,exact,21.473916296878787,78.60493840392905
p1241,Paani,Datewadi,,Nagpur,Nagpur,Maharashtra,Datewadi,exact,21.351592046626067,78.4057904806678
p1242,Paani,Hiwara,,Nagpur,Nagpur,Maharashtra,Hiwara,exact,21.278576616546182,78.37236245910121
p1243,Paani,Lohari (Sawanga),,Nagpur,Nagpur,Maharashtra,Sawanga,exact,21.106815973136094,78.74971975101165
p1244,Paani,Malapur,,Nagpur,Nagpur,Maharashtra,Malapur,exact,21.398864399942333,78.66540291596424
p1245,Paani,Mohgaon (Bhadade),,Nagpur,Nagpur,Maharashtra,Mohgaon (Bhadade),exact,21.391566467780745,78.72507988421809
p1246,Paani,Nandni,,Nagpur,Nagpur,Maharashtra,Nandni,exact,21.3735279876307,78.37736090686352
p1247,Paani,Parsodi [Dixit],,Nagpur,Nagpur,Maharashtra,Parsodi [Dixit],exact,21.377716006184166,78.47132512738075
p1248,Paani,Pipla (Kewalram),,Nagpur,Nagpur,Maharashtra,Pipla (kewalram),exact,21.399560162112465,78.74167708740266
p1249,Paani,Pipla (Kh),,Nagpur,Nagpur,Maharashtra,Pipla (kh),exact,21.460236604694522,78.69160939634062
p1250,Paani,Ranwadi,,Nagpur,Nagpur,Maharashtra,Ranwadi,exact,21.314835105697945,78.45791758965838
p1251,Paani,Saiwada,,Nagpur,Nagpur,Maharashtra,Saiwada,exact,21.348477394469217,78.28159091392688
p1252,Paani,Sindi,,Nagpur,Nagpur,Maharashtra,Sindi,exact,21.315809892119457,78.85274492210227
p1253,Paani,Toyapar,,Nagpur,Nagpur,Maharashtra,Toyapar,exact,21.431027237472325,78.56120677159464
p1254,Paani,Adgaon,,Nanded,Nanded,Maharashtra,Adgaon,exact,19.015651580981675,77.05908243144445
p1255,Paani,Berali Kh.,,Nanded,Nanded,Maharashtra,Berali Kh.,exact,18.936496352390737,77.0829909175113
p1256,Paani,Bet Sangvi,,Nanded,Nanded,Maharashtra,Bet Sangvi,exact,19.087160983938865,77.1678708068639
p1257,Paani,Dapshed,,Nanded,Nanded,Maharashtra,Dapshed,exact,18.992893331775914,77.22665396078585
p1258,Paani,Golegaon P.K.,,Nanded,Nanded,Maharashtra,Golegaon P.K.,exact,18.89025557389049,77.1386996503362
p1259,Paani,Hadoli Jagir,,Nanded,Nanded,Maharashtra,Hadoli Jagir,exact,18.887681863637944,77.10347371836038
p1260,Paani,Haldav,,Nanded,Nanded,Maharashtra,Haldav,exact,18.948975908996022,77.09734646860818
p1261,Paani,Jawala,,Nanded,Nanded,Maharashtra,Jawala,exact,19.06668448137693,77.17274120311586
p1262,Paani,Joshi Sangvi,,Nanded,Nanded,Maharashtra,Joshi Sangvi,exact,19.00254877678343,77.33010306168266
p1263,Paani,Kamlaj,,Nanded,Nanded,Maharashtra,Kamlaj,exact,19.056767618996798,77.4138929325069
p1264,Paani,Karegaon,,Nanded,Nanded,Maharashtra,Karegaon,exact,18.98290862256599,77.15783470134606
p1265,Paani,Khadak Manjari,,Nanded,Nanded,Maharashtra,Khadak Manjari,exact,19.013056780470816,77.14728257280234
p1266,Paani,Khambegaon,,Nanded,Nanded,Maharashtra,Khambegaon,exact,18.993200273847574,77.0664147546467
p1267,Paani,Kiroda,,Nanded,Nanded,Maharashtra,Kiroda,exact,18.90889650390141,77.15053845633182
p1268,Paani,Landgewadi,,Nanded,Nanded,Maharashtra,Landgewadi,exact,18.86022395181363,77.03141277005926
p1269,Paani,Majare Sangvi,,Nanded,Nanded,Maharashtra,Majare Sangvi,exact,18.8363962140393,77.08918262259529
p1270,Paani,Malakoli,,Nanded,Nanded,Maharashtra,Malakoli,exact,18.876433073609796,77.05469856981168
p1271,Paani,Penur,,Nanded,Nanded,Maharashtra,Penur,exact,19.05396778481351,77.08937172899888
p1272,Paani,Sonkhed,,Nanded,Nanded,Maharashtra,Sonkhed,exact,19.034165557395436,77.2137181411278
p1273,Paani,Telki,,Nanded,Nanded,Maharashtra,Telki,exact,19.007923760574506,77.26690257229495
p1274,Paani,Wadepuri,,Nanded,Nanded,Maharashtra,Wadepuri,exact,19.045924680473526,77.26229094865472
p1275,Paani,Waka,,Nanded,Nanded,Maharashtra,Waka,exact,18.999730452123092,77.4293602774553
p1276,Paani,Walkewadi,,Nanded,Nanded,Maharashtra,Walkewadi,exact,18.99055448736803,77.13883081040571
p1277,Paani,Ajepur,,Nandurbar,Nandurbar,Maharashtra,Ajepur,exact,21.24783833114148,74.17505916627476
p1278,Paani,Ambapur,,Nandurbar,Nandurbar,Maharashtra,Ambapur,exact,21.229209897097398,74.18556309399003
p1279,Paani,Ashte,,Nandurbar,Nandurbar,Maharashtra,Ashte,exact,21.27781009976726,74.21693655371554
p1280,Paani,Baldane,,Nandurbar,Nandurbar,Maharashtra,Baldane,exact,21.362445066095606,74.46619514805839
p1281,Paani,Kakarde,,Nandurbar,Nandurbar,Maharashtra,Kakarde,exact,21.414372168249365,74.36822439877808
p1282,Paani,Manjre,,Nandurbar,Nandurbar,Maharashtra,Manjre,exact,21.395725534604985,74.44880791787308
p1283,Paani,Nashinde,,Nandurbar,Nandurbar,Maharashtra,Nashinde,exact,21.45690137583568,74.38573972499694
p1284,Paani,Nyahali,,Nandurbar,Nandurbar,Maharashtra,Nyahali,exact,21.340587964704085,74.45814790090164
p1285,Paani,Rakaswade,,Nandurbar,Nandurbar,Maharashtra,Rakaswade,exact,21.417283050416785,74.25379703099333
p1286,Paani,Vawad,,Nandurbar,Nandurbar,Maharashtra,Vawad,exact,21.352758575857433,74.3265082223954
p1287,Paani,Velawad,,Nandurbar,Nandurbar,Maharashtra,Velawad,exact,21.425235107226968,74.15149336195849
p1288,Paani,Vikharan,,Nandurbar,Nandurbar,Maharashtra,Vikharan,exact,21.443124878096977,74.36474756436297
p1289,Paani,Wadzhakan,,Nandurbar,Nandurbar,Maharashtra,,district-centroid,21.567379005833118,74.26321385038415
p1290,Paani,Bhongra,,Nandurbar,Nandurbar,Maharashtra,Bhongra,exact,21.57666979031873,74.65173287866462
p1291,Paani,Bhute,,Nandurbar,Nandurbar,Maharashtra,Bhute,exact,21.666709341095107,74.39546916832724
p1292,Paani,Biladi-T-Haveli,,Nandurbar,Nandurbar,Maharashtra,Biladi-t-haveli,exact,21.671128656228497,74.55742895677801
p1293,Paani,Dudhkheda,,Nandurbar,Nandurbar,Maharashtra,Dudhkheda,exact,21.567037828276707,74.63028096432595
p1294,Paani,Kanadi.Ta.Ha,,Nandurbar,Nandurbar,Maharashtra,,district-centroid,21.693891970232098,74.14305254376994
p1295,Paani,Khargaon,,Nandurbar,Nandurbar,Maharashtra,Khargaon,exact,21.701903551453675,74.55126369842348
p1296,Paani,Pimprani,,Nandurbar,Nandurbar,Maharashtra,Pimprani,exact,21.714796797737883,74.46737218368551
p1297,Paani,Sultanpur,,Nandurbar,Nandurbar,Maharashtra,Sultanpur,exact,21.643764075411497,74.53880357151182
p1298,Paani,Tawalai,,Nandurbar,Nandurbar,Maharashtra,Tawalai,exact,21.670299915316328,74.51795066572124
p1299,Paani,Titari,,Nandurbar,Nandurbar,Maharashtra,Titari,exact,21.626326914484086,74.64476053968322
p1300,Paani,Vadchhil,,Nandurbar,Nandurbar,Maharashtra,Vadchhil,exact,21.543111146868668,74.5562041750382
p1301,Paani,Vaijali,,Nandurbar,Nandurbar,Maharashtra,Vaijali,exact,21.569252237338638,74.3689319385387
p1302,Paani,Agas Khind,,Nashik,Nashik,Maharashtra,Agas Khind,exact,19.8091425749474,73.83657691703718
p1303,Paani,Atkawade,,Nashik,Nashik,Maharashtra,Atkawade,exact,19.799128666268313,73.98892624711908
p1304,Paani,Baragaon Pimpri,,Nashik,Nashik,Maharashtra,Sundarpur,exact,19.8946313714393,74.04027069177762
p1305,Paani,Borkhind,,Nashik,Nashik,Maharashtra,Borkhind,exact,19.796296015958557,73.8615125484463
p1306,Paani,Chapadgaon,,Nashik,Nashik,Maharashtra,Chapadgaon,exact,20.02096575033656,74.09434511905931
p1307,Paani,Chincholi,,Nashik,Nashik,Maharashtra,Chincholi,exact,19.885942813733795,73.91509960755523
p1308,Paani,Dattanagar,,Nashik,Nashik,Maharashtra,Dattanagar,exact,19.766712233748265,74.07532517990703
p1309,Paani,Deopur,,Nashik,Nashik,Maharashtra,Deopur,exact,20.12941090751479,74.07027127411033
p1310,Paani,Deshwandi,,Nashik,Nashik,Maharashtra,Deshwandi,exact,19.915346528669467,74.00166176942146
p1311,Paani,Dusangwadi,,Nashik,Nashik,Maharashtra,Dusangwadi,exact,19.79732041343541,74.27778432754135
p1312,Paani,Fattepur,,Nashik,Nashik,Maharashtra,Fattepur,exact,19.744266516083595,74.20743314994388
p1313,Paani,Fulenagar,,Nashik,Nashik,Maharashtra,Fulenagar,exact,19.79159512689546,74.2227704996582
p1314,Paani,Hivare,,Nashik,Nashik,Maharashtra,Hivare,exact,19.71408056636889,73.97904577893785
p1315,Paani,Jamgaon,,Nashik,Nashik,Maharashtra,Jamgaon,exact,19.850240619806396,73.91472216817984
p1316,Paani,Jaygaon,,Nashik,Nashik,Maharashtra,Jaygaon,exact,19.92918243852819,73.97301975143478
p1317,Paani,Kahandalwadi,,Nashik,Nashik,Maharashtra,Kahandalwadi,exact,19.77115011082904,74.25873352770925
p1318,Paani,Kasarwadi,,Nashik,Nashik,Maharashtra,Kasarwadi,exact,19.66649950624154,74.08062681360936
p1319,Paani,Krishnanagar,,Nashik,Nashik,Maharashtra,Krishnanagar,exact,19.78551565938642,73.7085040276562
p1320,Paani,Kundewadi Mouje,,Nashik,Nashik,Maharashtra,,district-centroid,20.397350415933186,73.97014553428065
p1321,Paani,Maldhon,,Nashik,Nashik,Maharashtra,Maldhon,exact,19.78954082500835,74.2937213098315
p1322,Paani,Manori,,Nashik,Nashik,Maharashtra,Manori,exact,20.093747986700063,73.79058588819238
p1323,Paani,Marhal Bk.,,Nashik,Nashik,Maharashtra,Marhal Bk.,exact,19.78137088808302,74.16628207635699
p1324,Paani,Mithsagare,,Nashik,Nashik,Maharashtra,Mith-Sagare,fuzzy,19.845863314500786,74.23340906905227
p1325,Paani,Panchale,,Nashik,Nashik,Maharashtra,Panchale,exact,19.87296340762605,74.20889145822456
p1326,Paani,Patole,,Nashik,Nashik,Maharashtra,Patole,exact,19.7755158581435,74.0017392464649
p1327,Paani,Saradwadi,,Nashik,Nashik,Maharashtra,Saradwadi,exact,19.845617508928445,73.96002933155877
p1328,Paani,Shastrinagar,,Nashik,Nashik,Maharashtra,Shastrinagar,exact,20.056234312792746,73.59966652767304
p1329,Paani,Shivajinagar,,Nashik,Nashik,Maharashtra,Shivajinagar,exact,20.343462998219298,74.18869682821602
p1330,Paani,Shrirampur,,Nashik,Nashik,Maharashtra,Shrirampur,exact,19.881600807848187,74.23648003904685
p1331,Paani,Somthane,,Nashik,Nashik,Maharashtra,Somthane,exact,19.937307332467714,74.21457406854995
p1332,Paani,Vadgaon Pingala,,Nashik,Nashik,Maharashtra,Vadgaon Pingala,exact,19.868422351912614,73.88892344337822
p1333,Paani,Wadgaon Sinnar,,Nashik,Nashik,Maharashtra,Wadgaon Sinnar,exact,19.80439417543767,73.97039792747387
p1334,Paani,Wavi,,Nashik,Nashik,Maharashtra,Wavi,exact,20.198575021404782,74.08486057547165
p1335,Paani,Ambi Kh,,Pune,Pune,Maharashtra,Ambi Kh,exact,18.31814125508338,74.28638899769582
p1336,Paani,Bhondvewadi,,Pune,Pune,Maharashtra,Bhondvewadi,exact,18.322256447164037,74.33514307472767
p1337,Paani,Chaudhar Wadi,,Pune,Pune,Maharashtra,Chaudhar Wadi,exact,18.176000845269968,74.26048784593898
p1338,Paani,Dhakale,,Pune,Pune,Maharashtra,Dhakale,exact,18.173988840303576,74.44279578921973
p1339,Paani,Jainakwadi,,Pune,Pune,Maharashtra,Jainakwadi,exact,18.234676871584135,74.64695999467389
p1340,Paani,Korhale Bk,,Pune,Pune,Maharashtra,Korhale Bk,exact,18.130906233448314,74.39642176175502
p1341,Paani,Loni Bhapkar,,Pune,Pune,Maharashtra,Loni Bhapkar,exact,18.225934549449214,74.37680205299112
p1342,Paani,Modhave,,Pune,Pune,Maharashtra,Modhave,exact,18.201005640278122,74.26672098820599
p1343,Paani,Mudhale,,Pune,Pune,Maharashtra,Mudhale,exact,18.174595221649245,74.38788244355017
p1344,Paani,Naroli,,Pune,Pune,Maharashtra,Naroli,exact,18.32686223209732,74.43260812832473
p1345,Paani,Pansarewadi,,Pune,Pune,Maharashtra,Pansarewadi,exact,18.30852434878386,74.3989418939815
p1346,Paani,Sawantwadi,,Pune,Pune,Maharashtra,Sawantwadi,exact,18.214090125732813,74.5681699957723
p1347,Paani,Sayambachiwadi,,Pune,Pune,Maharashtra,Sayambachiwadi,exact,18.21360303815509,74.41027487575644
p1348,Paani,Sirshane,,Pune,Pune,Maharashtra,Sirshane,exact,18.086164508896438,74.44217759662259
p1349,Paani,Sonvadisupe,,Pune,Pune,Maharashtra,Sonvadisupe,exact,18.259357226625337,74.50667846840568
p1350,Paani,Vadhane,,Pune,Pune,Maharashtra,Vadhane,exact,18.369286228354355,74.341067533189
p1351,Paani,Vaki,,Pune,Pune,Maharashtra,,district-centroid,18.710881718875758,73.9999949941767
p1352,Paani,Ambodi,,Pune,Pune,Maharashtra,Ambodi,exact,18.35610104229144,74.04766611538449
p1353,Paani,Askarwadi,,Pune,Pune,Maharashtra,Askarwadi,exact,18.401618286575395,73.89998922723089
p1354,Paani,Bopgaon,,Pune,Pune,Maharashtra,Bopgaon,exact,18.388709436225056,73.95404725582799
p1355,Paani,Chambali,,Pune,Pune,Maharashtra,Chambali,exact,18.375919826572137,73.97563842750688
p1356,Paani,Gherapurandhar,,Pune,Pune,Maharashtra,Gherapurandhar,exact,18.27869013072032,73.9836782920864
p1357,Paani,Hivare,,Pune,Pune,Maharashtra,Hivare,exact,18.77394571959482,74.13058306829748
p1358,Paani,Jeur,,Pune,Pune,Maharashtra,Jeur,exact,18.12445201258337,74.16651360396796
p1359,Paani,Kaldari,,Pune,Pune,Maharashtra,Kaldari,exact,18.249901525272783,73.99331432092144
p1360,Paani,Kodit Bk.,,Pune,Pune,Maharashtra,Kodit Bk.,exact,18.32806076323075,73.96696128883987
p1361,Paani,Mawadi Supe,,Pune,Pune,Maharashtra,Mawadi Supe,exact,18.3538158770889,74.2066183654397
p1362,Paani,Rajuri,,Pune,Pune,Maharashtra,Rajuri,exact,18.37084194655007,74.27455748943889
p1363,Paani,Supe Kh.,,Pune,Pune,Maharashtra,Supe  Kh.,exact,18.30698687121269,74.01477714309019
p1364,Paani,Tondal,,Pune,Pune,Maharashtra,Tondal,exact,18.155348902377593,74.05599464409813
p1365,Paani,Walunj,,Pune,Pune,Maharashtra,Walunj,exact,18.31615872615679,74.10162138559717
p1366,Paani,Deshmukhwadi,,Sangli,Sangli,Maharashtra,Deshamukhwadi,fuzzy,17.4423965436678,74.98619963328485
p1367,Paani,Dighanchi,,Sangli,Sangli,Maharashtra,Dighanchi,exact,17.533364266323314,74.91042120011382
p1368,Paani,Ghanand,,Sangli,Sangli,Maharashtra,Ghanand,exact,17.387225813086875,74.7728747548178
p1369,Paani,Kargani,,Sangli,Sangli,Maharashtra,Kargani,exact,17.312385745054364,74.87753871219466
p1370,Paani,Lingiware,,Sangli,Sangli,Maharashtra,Lingivare,fuzzy,17.55271134935507,74.88050998736203
p1371,Paani,Madgule,,Sangli,Sangli,Maharashtra,Madgule,exact,17.37594179841392,74.9857670740372
p1372,Paani,Maptemala,,Sangli,Sangli,Maharashtra,Maptemala,exact,17.44424044693821,74.90570625489873
p1373,Paani,Nimbawade,,Sangli,Sangli,Maharashtra,Nimbawade,exact,17.46086391813971,74.84759357494883
p1374,Paani,Parekarwadi,,Sangli,Sangli,Maharashtra,Parekarwadi,exact,17.43073788313508,74.7510459891765
p1375,Paani,Pimpari Bk.,,Sangli,Sangli,Maharashtra,Pimpari Bk.,exact,17.422352578108395,74.70861666587405
p1376,Paani,Pimpri Kh,,Sangli,Sangli,Maharashtra,Pimpari Kh,fuzzy,17.4757580312623,75.0111829716557
p1377,Paani,Zare,,Sangli,Sangli,Maharashtra,Zare,exact,17.448945438777734,74.77003296887365
p1378,Paani,Akkalawadi,,Sangli,Sangli,Maharashtra,Akkalawadi,exact,17.13887411188442,75.63119078620714
p1379,Paani,Baj,,Sangli,Sangli,Maharashtra,Baj,exact,17.056633031422642,75.06855527326604
p1380,Paani,Banali,,Sangli,Sangli,Maharashtra,Banali,exact,17.137169618954314,75.21985371331445
p1381,Paani,Borgi Kh,,Sangli,Sangli,Maharashtra,Borgi Kh,exact,17.148167916697002,75.60992456435731
p1382,Paani,Dafalapur,,Sangli,Sangli,Maharashtra,Dafalapur,exact,16.998379555341288,75.07240854487723
p1383,Paani,Daribadachi,,Sangli,Sangli,Maharashtra,Daribadachi,exact,17.03049743250126,75.42570899079202
p1384,Paani,Gulgunjnal,,Sangli,Sangli,Maharashtra,Gulgunjnal,exact,17.02525204764507,75.65998455080415
p1385,Paani,Hivare,,Sangli,Sangli,Maharashtra,Hivare,exact,17.231957931645937,74.79033445833336
p1386,Paani,Kaganari,,Sangli,Sangli,Maharashtra,Kaganari,exact,16.988559807016518,75.54733660596922
p1387,Paani,Karajagi,,Sangli,Sangli,Maharashtra,Karajagi,exact,17.121568021267525,75.56607432127802
p1388,Paani,Karajanagi,,Sangli,Sangli,Maharashtra,Karajanagi,exact,17.10955581723135,75.30195658244195
p1389,Paani,Kontebobalad,,Sangli,Sangli,Maharashtra,,district-centroid,17.086973404022842,74.60423511324788
p1390,Paani,Kosari,,Sangli,Sangli,Maharashtra,Kosari,exact,17.149078974966613,75.12850572552826
p1391,Paani,Madgyal,,Sangli,Sangli,Maharashtra,Madgyal,exact,17.14068202939825,75.41449224036452
p1392,Paani,Mendhigiri,,Sangli,Sangli,Maharashtra,Mendhegiri,fuzzy,16.98981728499163,75.24088298636548
p1393,Paani,Morbagi,,Sangli,Sangli,Maharashtra,Morbagi,exact,17.09016303235427,75.61338094333695
p1394,Paani,Muchandi,,Sangli,Sangli,Maharashtra,Muchandi,exact,16.989484835202628,75.34110300973991
p1395,Paani,Sankh,,Sangli,Sangli,Maharashtra,Sankh,exact,17.071905445161285,75.50552555886951
p1396,Paani,Singanhalli,,Sangli,Sangli,Maharashtra,Singanhalli,exact,17.22596530291202,75.15752418386191
p1397,Paani,Soradi,,Sangli,Sangli,Maharashtra,Sordi,fuzzy,17.0612020210171,75.3841775285275
p1398,Paani,Tilyal,,Sangli,Sangli,Maharashtra,Tilyal,exact,17.06574279140608,75.42811466912093
p1399,Paani,Waifal,,Sangli,Sangli,Maharashtra,Waifal,exact,17.15985747060335,75.25250760648835
p1400,Paani,Alate,,Sangli,Sangli,Maharashtra,Alate,exact,17.169039263553557,74.53692638443498
p1401,Paani,Anjani,,Sangli,Sangli,Maharashtra,Anjani,exact,17.082884598667242,74.78223671720004
p1402,Paani,Arwade,,Sangli,Sangli,Maharashtra,Arwade,exact,17.10829214125589,74.664279211203
p1403,Paani,Khujagaon,,Sangli,Sangli,Maharashtra,Khujagaon,exact,17.095727436777246,74.71780147489604
p1404,Paani,Manerajuri,,Sangli,Sangli,Maharashtra,Manerajuri,exact,17.02520827024419,74.70815780126635
p1405,Paani,Manjarde,,Sangli,Sangli,Maharashtra,Manjarde,exact,17.1516893387015,74.69167397273529
p1406,Paani,Morale Ped,,Sangli,Sangli,Maharashtra,Morale Ped,exact,17.190437681438542,74.70276479689
p1407,Paani,Nagewadi,,Sangli,Sangli,Maharashtra,Nagewadi,exact,17.355222604943148,74.51371382200838
p1408,Paani,Punadi (Tasgaon),,Sangli,Sangli,Maharashtra,Punadi (Tasgaon),exact,17.085605229166386,74.63245458411018
p1409,Paani,Turachi,,Sangli,Sangli,Maharashtra,Turchi,fuzzy,17.065896305006266,74.54186339321929
p1410,Paani,Waifale,,Sangli,Sangli,Maharashtra,Waifale,exact,17.185916755492126,74.75867697001381
p1411,Paani,Wasumbe,,Sangli,Sangli,Maharashtra,Wasumbe,exact,17.2939705626733,74.59594706127224
p1412,Paani,Amalewadi,,Satara,Satara,Maharashtra,Amalewadi,exact,17.62941073030709,74.32315632292507
p1413,Paani,Anpatwadi,,Satara,Satara,Maharashtra,Anpatwadi,exact,17.908688798616918,73.87514443903407
p1414,Paani,Aundh,,Satara,Satara,Maharashtra,Aundh,exact,17.53815146742445,74.33754666930405
p1415,Paani,Bhandewadi,,Satara,Satara,Maharashtra,Bhandewadi,exact,17.658874576886102,74.34434903861121
p1416,Paani,Budh,,Satara,Satara,Maharashtra,Budh,exact,17.769550123111728,74.3349888569094
p1417,Paani,Chinchani,,Satara,Satara,Maharashtra,Chinchani,exact,17.75429310680269,73.90256164520538
p1418,Paani,Chitali,,Satara,Satara,Maharashtra,Chitali,exact,17.41298885114339,74.49042935345221
p1419,Paani,Chorade,,Satara,Satara,Maharashtra,Chorade,exact,17.42340947767186,74.38032780855731
p1420,Paani,Dhakatwadi,,Satara,Satara,Maharashtra,Dhakarwadi,fuzzy,17.612803793698266,74.37275222971732
p1421,Paani,Dharpudi,,Satara,Satara,Maharashtra,Dharpudi,exact,17.683693617281257,74.38602111524767
p1422,Paani,Diskal,,Satara,Satara,Maharashtra,Chinchani,exact,17.820614478272656,74.25004287733894
p1423,Paani,Enkul,,Satara,Satara,Maharashtra,Enkul,exact,17.560757454731846,74.58814481310716
p1424,Paani,Fadtarwadi (Ner),,Satara,Satara,Maharashtra,Fadtarwadi,exact,17.87348761729048,74.18660969657546
p1425,Paani,Girijashankarwadi,,Satara,Satara,Maharashtra,Girijashankarwadi,exact,17.452050225709637,74.23246485926725
p1426,Paani,Goregaon (Vangi),,Satara,Satara,Maharashtra,Goregaon (vangi),exact,17.490466349003558,74.50217327326835
p1427,Paani,Gosavyachiwadi,,Satara,Satara,Maharashtra,Gosavyachiwadi,exact,17.55036293473261,74.37066013217702
p1428,Paani,Gursale,,Satara,Satara,Maharashtra,Gursale,exact,17.52491657818637,74.43730562269515
p1429,Paani,Hingane,,Satara,Satara,Maharashtra,Hingane,exact,17.612445972409933,74.49812923991776
p1430,Paani,Jamb,,Satara,Satara,Maharashtra,Jamb,exact,17.83777121615752,73.99466151477183
p1431,Paani,Kalewadi,,Satara,Satara,Maharashtra,Kalewadi,exact,17.805683665186418,74.25757776999113
p1432,Paani,Katewadi,,Satara,Satara,Maharashtra,Katewadi,exact,17.51362668849735,73.97030016809389
p1433,Paani,Khabalwadi,,Satara,Satara,Maharashtra,Khabalwadi,exact,17.53558867921905,74.30203531797926
p1434,Paani,Kokarale,,Satara,Satara,Maharashtra,Kokarale,exact,17.611933464446164,74.31735608258
p1435,Paani,Lalgun,,Satara,Satara,Maharashtra,Lalgun,exact,17.785244525328338,74.29516899636968
p1436,Paani,Mandave,,Satara,Satara,Maharashtra,Mandave,exact,17.558355448652193,73.97168939019099
p1437,Paani,Manetupewadi,,Satara,Satara,Maharashtra,Manetupewadi,exact,17.564086161844735,74.52571465652547
p1438,Paani,Manjarwadi,,Satara,Satara,Maharashtra,Manjarwadi,exact,17.87256687461154,74.27076225790438
p1439,Paani,Mayani,,Satara,Satara,Maharashtra,Mayani,exact,17.4453958030582,74.55040637096127
p1440,Paani,Mhasurne,,Satara,Satara,Maharashtra,Mhasurne,exact,17.414618783634975,74.43659408185304
p1441,Paani,Morale,,Satara,Satara,Maharashtra,Morale,exact,17.456761413493105,74.5041880393266
p1442,Paani,Mulikwadi,,Satara,Satara,Maharashtra,Mulikwadi,exact,17.622758484497155,74.11983918300781
p1443,Paani,Nandoshi,,Satara,Satara,Maharashtra,Nandoshi,exact,17.557836311787185,74.29715139433306
p1444,Paani,Nidhal,,Satara,Satara,Maharashtra,Nidhal,exact,17.711459068565766,74.40259594958232
p1445,Paani,Pachwad,,Satara,Satara,Maharashtra,Pachwad,exact,17.487772162718635,74.65409816864887
p1446,Paani,Palasgaon,,Satara,Satara,Maharashtra,Palasgaon,exact,17.536226151192025,74.54954619933645
p1447,Paani,Palashi,,Satara,Satara,Maharashtra,Palashi,exact,18.122570741836217,73.94840417940598
p1448,Paani,Pedgaon,,Satara,Satara,Maharashtra,Pedgaon,exact,17.649508233511565,74.45079868447749
p1449,Paani,Pusesawali,,Satara,Satara,Maharashtra,Pusesawali,exact,17.464715196221288,74.31586304456424
p1450,Paani,Rajache Kurle,,Satara,Satara,Maharashtra,,district-centroid,17.685161602245685,74.08149705438728
p1451,Paani,Rajapur,,Satara,Satara,Maharashtra,Rajapur,exact,17.79862751764023,74.35145362052894
p1452,Paani,Shirsawadi,,Satara,Satara,Maharashtra,Shirsawadi,exact,17.501945749095025,74.4209130217813
p1453,Paani,Sidhdeshvar Kuroli,,Satara,Satara,Maharashtra,,district-centroid,17.59187837669717,74.01770673508061
p1454,Paani,Taraswadi,,Satara,Satara,Maharashtra,Taraswadi,exact,17.45144215530094,74.6857855405134
p1455,Paani,Trimali,,Satara,Satara,Maharashtra,Trimali,exact,17.52029196193954,74.29299241435163
p1456,Paani,Umbarmale,,Satara,Satara,Maharashtra,Umbarmale,exact,17.72043652084481,74.36744801743538
p1457,Paani,Wakeshwar,,Satara,Satara,Maharashtra,Wakeshwar,exact,17.61609398047006,74.42627188449201
p1458,Paani,Yeliv,,Satara,Satara,Maharashtra,Yeliv,exact,17.495821786247443,74.33649862778772
p1459,Paani,Aajhadpur Nhavi Khurd,,Satara,Satara,Maharashtra,,district-centroid,17.67361333814739,74.09369557264232
p1460,Paani,Ambawade S. Koregaon,,Satara,Satara,Maharashtra,Ambawade s. koregaon,exact,17.793159582069137,74.1458252144735
p1461,Paani,Ambheri,,Satara,Satara,Maharashtra,Ambheri,exact,17.607414808313344,74.25877096021485
p1462,Paani,Anbhulwadi,,Satara,Satara,Maharashtra,Anbhulwadi,exact,17.79552010493662,74.23103523824379
p1463,Paani,Apshinge,,Satara,Satara,Maharashtra,Apshinge,exact,17.620539600810773,74.23272636822779
p1464,Paani,Bhatamwadi,,Satara,Satara,Maharashtra,Bhatamwadi,exact,17.708800855007524,74.23923205726686
p1465,Paani,Bhose,,Satara,Satara,Maharashtra,Bhose,exact,17.926552901541783,73.75616133528975
p1466,Paani,Bichukale,,Satara,Satara,Maharashtra,Bichukale,exact,17.842295181528527,74.15044508377545
p1467,Paani,Bodhewadi Chimangaon,,Satara,Satara,Maharashtra,,district-centroid,17.616438912052555,74.1282430557249
p1468,Paani,Boriv,,Satara,Satara,Maharashtra,Boriv,exact,17.972571214224804,73.80683066181322
p1469,Paani,Borjaiwadi,,Satara,Satara,Maharashtra,Borjaiwadi,exact,17.756083844655787,74.24572969271009
p1470,Paani,Chanchali,,Satara,Satara,Maharashtra,Chanchali,exact,17.76551784519121,74.18335098888113
p1471,Paani,Dahigaon,,Satara,Satara,Maharashtra,Dahigaon,exact,17.880184361330954,74.1136837764406
p1472,Paani,Dudhanwadi,,Satara,Satara,Maharashtra,Dudhanwadi,exact,17.858550202025977,74.05719088802155
p1473,Paani,Ekambe,,Satara,Satara,Maharashtra,Shelti,exact,17.677196439639474,74.23301366896119
p1474,Paani,Eksal,,Satara,Satara,Maharashtra,Eksal,exact,17.66627667113452,74.17744984572778
p1475,Paani,Ghadagewadi,,Satara,Satara,Maharashtra,,district-centroid,17.615572861002345,74.06485436291959
p1476,Paani,Ghigewadi,,Satara,Satara,Maharashtra,Ghigewadi,exact,17.892679451765506,74.10054289343915
p1477,Paani,Godsewadi,,Satara,Satara,Maharashtra,Godsewadi,exact,17.655040749689565,74.16314904476873
p1478,Paani,Gujarwadi ( Takale ),,Satara,Satara,Maharashtra,Gujarwadi,exact,17.825612630154758,74.1361859310049
p1479,Paani,Jadhavwadi,,Satara,Satara,Maharashtra,Jadhavwadi,exact,17.210870455606944,73.9388900339667
p1480,Paani,Jaigaon,,Satara,Satara,Maharashtra,Jaigaon,exact,17.647322793527564,74.25438504301012
p1481,Paani,Jaipur,,Satara,Satara,Maharashtra,,district-centroid,17.60802043574511,74.07358476698913
p1482,Paani,Jalgaon,,Satara,Satara,Maharashtra,Jalgaon,exact,17.734937361924136,74.13122819887316
p1483,Paani,Jamb Kh.,,Satara,Satara,Maharashtra,Jamb kh.,exact,17.811592395714037,74.21214023903565
p1484,Paani,Karanjkhop,,Satara,Satara,Maharashtra,Karanjkhop,exact,17.940671578865043,74.04126683272287
p1485,Paani,Kiroli,,Satara,Satara,Maharashtra,Kiroli,exact,17.531406076903696,74.16730723160049
p1486,Paani,Kumathe,,Satara,Satara,Maharashtra,Kumathe,exact,17.721053318852018,74.17973546790873
p1487,Paani,Mangalapur,,Satara,Satara,Maharashtra,Mangalapur,exact,17.66110021518176,74.12544495518394
p1488,Paani,Naygaon,,Satara,Satara,Maharashtra,Naygaon,exact,17.988570327053154,74.06130007427467
p1489,Paani,Padali Station,,Satara,Satara,Maharashtra,,district-centroid,17.64640218089321,74.02504650846348
p1490,Paani,Pimpode Bk.,,Satara,Satara,Maharashtra,Pimpode bk.,exact,17.929565521091256,74.1087724957686
p1491,Paani,Pimpode Kh.,,Satara,Satara,Maharashtra,Pimpode kh.,exact,17.835534950902474,74.10422280655867
p1492,Paani,Ramoshiwadi,,Satara,Satara,Maharashtra,Ramoshiwadi,exact,17.718049035561215,74.25610862566299
p1493,Paani,Rautwadi,,Satara,Satara,Maharashtra,Rautwadi,exact,17.825242465253876,74.03472853414621
p1494,Paani,Revdi,,Satara,Satara,Maharashtra,Revdi,exact,17.797839138645315,74.08160988025934
p1495,Paani,Sap,,Satara,Satara,Maharashtra,Sap,exact,17.587175457562306,74.23617420872151
p1496,Paani,Shendurjane,,Satara,Satara,Maharashtra,Shendurjane,exact,17.96480054566079,73.93152932537758
p1497,Paani,Shirambe,,Satara,Satara,Maharashtra,Shirambe,exact,17.660450737156133,74.19250611369765
p1498,Paani,Tadawale S.Koregaon,,Satara,Satara,Maharashtra,Tadawale s.koregaon,exact,17.743024537165574,74.16470928364677
p1499,Paani,Takale,,Satara,Satara,Maharashtra,Takale,exact,17.54413451142577,74.1718914084932
p1500,Paani,Triputi,,Satara,Satara,Maharashtra,Triputi,exact,17.691103697572615,74.10691328437242
p1501,Paani,Vadachiwadi,,Satara,Satara,Maharashtra,Vadachiwadi,exact,17.70824345877483,74.21217266223465
p1502,Paani,Bhalavadi,,Satara,Satara,Maharashtra,Bhalavadi,exact,17.741014125833132,74.73548664999765
p1503,Paani,Bidal,,Satara,Satara,Maharashtra,Bidal,exact,17.748822281913647,74.52306794698364
p1504,Paani,Bijavadi,,Satara,Satara,Maharashtra,Bijavadi,exact,17.815639147458423,74.54600733158905
p1505,Paani,Bodake,,Satara,Satara,Maharashtra,Bodake,exact,17.753739110138802,74.49947546686906
p1506,Paani,Dangirewadi (Mohi),,Satara,Satara,Maharashtra,Dangirewadi,exact,17.78443019049383,74.64962812752256
p1507,Paani,Didwaghwadi (Divad),,Satara,Satara,Maharashtra,Didwaghwadi (divad),exact,17.61385606011035,74.71504109805255
p1508,Paani,Hingani,,Satara,Satara,Maharashtra,Hingani,exact,17.625975454138107,74.87296424174009
p1509,Paani,Jadhavwadi,,Satara,Satara,Maharashtra,Jadhavwadi,exact,17.210870455606944,73.9388900339667
p1510,Paani,Kalaskarwadi,,Satara,Satara,Maharashtra,,district-centroid,17.61237944167426,74.1472286254847
p1511,Paani,Kalchondi,,Satara,Satara,Maharashtra,Kalchondi,exact,17.491283861172242,74.75609370905968
p1512,Paani,Kasarwadi,,Satara,Satara,Maharashtra,,district-centroid,17.56285462699585,74.11765631786926
p1513,Paani,Khadaki,,Satara,Satara,Maharashtra,Khadaki,exact,17.83584309685548,73.97356060629436
p1514,Paani,Kiraksal,,Satara,Satara,Maharashtra,Kiraksal,exact,17.63222375264068,74.56070779049399
p1515,Paani,Mahimangad,,Satara,Satara,Maharashtra,Mahimangad,exact,17.703433039421785,74.45370351434299
p1516,Paani,Malavadi,,Satara,Satara,Maharashtra,Malavadi,exact,17.76423447269791,74.44633776013485
p1517,Paani,Mardi,,Satara,Satara,Maharashtra,Mardi,exact,17.746129857891194,74.68836617547524
p1518,Paani,Mohi,,Satara,Satara,Maharashtra,Mohi,exact,17.79460197668191,74.67405339425355
p1519,Paani,Naravane,,Satara,Satara,Maharashtra,Naravane,exact,17.59779234562304,74.62128650017155
p1520,Paani,Pachvad,,Satara,Satara,Maharashtra,Pachvad,exact,17.848770718561187,74.55209931146622
p1521,Paani,Pandharwadi (Mahimangad),,Satara,Satara,Maharashtra,Pandharwadi (mahimangad),exact,17.698722826959806,74.4298984254148
p1522,Paani,Pingali Bk,,Satara,Satara,Maharashtra,Pingali Bk,exact,17.677744437362694,74.51248217951692
p1523,Paani,Satrewadi,,Satara,Satara,Maharashtra,,district-centroid,17.656573309960965,74.09485129774681
p1524,Paani,Shiravali,,Satara,Satara,Maharashtra,Shiravali,exact,17.90385303628027,73.6148370664211
p1525,Paani,Ukirde,,Satara,Satara,Maharashtra,Ukirde,exact,17.686721254974547,74.46972253023351
p1526,Paani,Valai,,Satara,Satara,Maharashtra,Valai,exact,17.53717727870603,74.69717957532129
p1527,Paani,Virali,,Satara,Satara,Maharashtra,Virali,exact,17.500680611998458,74.7102816617004
p1528,Paani,Arali,,Solapur,Solapur,Maharashtra,Arali,exact,17.724942911330913,76.16016419690969
p1529,Paani,Boregaon,,Solapur,Solapur,Maharashtra,Boregaon,exact,17.672891364901325,76.1293370352714
p1530,Paani,Darshanal,,Solapur,Solapur,Maharashtra,Darshanal,exact,17.69554903762579,76.1296164041647
p1531,Paani,Gaudgaon Bk.,,Solapur,Solapur,Maharashtra,Gaudgaon  Bk.,exact,17.431514445601845,76.11812662832607
p1532,Paani,Gholasgaon,,Solapur,Solapur,Maharashtra,Gholasgaon,exact,17.680657225108682,76.34093608934376
p1533,Paani,Haidre,,Solapur,Solapur,Maharashtra,Haidre,exact,17.320247299713596,76.17124543817867
p1534,Paani,Halhalli (Akkalkot),,Solapur,Solapur,Maharashtra,,district-centroid,17.725398756873517,75.59830582696749
p1535,Paani,Karajagi,,Solapur,Solapur,Maharashtra,Karajagi,exact,17.437782888042186,76.04837283230282
p1536,Paani,Kurnur,,Solapur,Solapur,Maharashtra,Kurnur,exact,17.63447673459878,76.22936870589126
p1537,Paani,Maindargi (Rural),,Solapur,Solapur,Maharashtra,Maindargi (M Cl),exact,17.4575025480342,76.29056429239628
p1538,Paani,Marathwadi,,Solapur,Solapur,Maharashtra,Marathwadi,exact,17.414907019464774,76.1908000145602
p1539,Paani,Nagansur,,Solapur,Solapur,Maharashtra,Nagansur,exact,17.383142431283893,76.15881836487621
p1540,Paani,Ruddewadi,,Solapur,Solapur,Maharashtra,Ruddewadi,exact,17.381583728621855,76.33320800750097
p1541,Paani,Satan Dudhani,,Solapur,Solapur,Maharashtra,Satan Dudhani,exact,17.418229239423034,76.26312269298337
p1542,Paani,Sevalalnagar,,Solapur,Solapur,Maharashtra,Sevalalnager,fuzzy,17.819042630905752,75.91600679128582
p1543,Paani,Sultanpur,,Solapur,Solapur,Maharashtra,Sultanpur,exact,17.692879925121,76.23114808214106
p1544,Paani,Agalgaon,,Solapur,Solapur,Maharashtra,Agalgaon,exact,18.321950963926223,75.74890432953651
p1545,Paani,Ambegaon,,Solapur,Solapur,Maharashtra,Ambegaon,exact,18.02726776682229,75.92386488283194
p1546,Paani,Arangaon,,Solapur,Solapur,Maharashtra,Arangaon,exact,18.25158272132212,75.76832769362127
p1547,Paani,Borgaon [Kh],,Solapur,Solapur,Maharashtra,Borgaon [Kh],exact,18.335810601618473,75.78862133249116
p1548,Paani,Chikharde,,Solapur,Solapur,Maharashtra,Chikharde,exact,18.208209628160475,75.83184732638884
p1549,Paani,Chumb,,Solapur,Solapur,Maharashtra,Chumb,exact,18.401167127054972,75.75553314493185
p1550,Paani,Dhamangaon (A),,Solapur,Solapur,Maharashtra,Dhamangaon (A),exact,18.385831708837138,75.78010004598237
p1551,Paani,Dhamangaon (Du.),,Solapur,Solapur,Maharashtra,Dhamangaon (A),fuzzy,18.385831708837138,75.78010004598237
p1552,Paani,Dhanore,,Solapur,Solapur,Maharashtra,Dhanore,exact,18.000357223352566,75.68925047156215
p1553,Paani,Dhotre,,Solapur,Solapur,Maharashtra,Dhotre,exact,18.263213816718736,75.79223172909876
p1554,Paani,Gatachiwadi,,Solapur,Solapur,Maharashtra,Gatachiwadi,exact,18.268911207600663,75.71032220379543
p1555,Paani,Gormale,,Solapur,Solapur,Maharashtra,Gormale,exact,18.238537600867176,75.86279198963724
p1556,Paani,Irlewadi,,Solapur,Solapur,Maharashtra,Irlewadi,exact,18.05479347654091,75.76297310804338
p1557,Paani,Jamgaon (P),,Solapur,Solapur,Maharashtra,Jamgaon (P),exact,18.153758064290145,75.85887493691429
p1558,Paani,Jotibachiwadi,,Solapur,Solapur,Maharashtra,Jotibachiwadi,exact,18.011410079111023,75.90242704767269
p1559,Paani,Kalambawadi (A),,Solapur,Solapur,Maharashtra,Kalambawadi (A),exact,18.37344643603454,75.75375002892201
p1560,Paani,Kalambwadi (P),,Solapur,Solapur,Maharashtra,Kalambwadi (P),exact,18.162597786520916,75.75616658140632
p1561,Paani,Khamgaon,,Solapur,Solapur,Maharashtra,Khamgaon,exact,18.235914303635017,75.79909905399306
p1562,Paani,Khandavi,,Solapur,Solapur,Maharashtra,Godasewadi,exact,18.177908563849986,75.63894401169523
p1563,Paani,Malegaon,,Solapur,Solapur,Maharashtra,Malegaon,exact,17.98093519945264,75.16842688727218
p1564,Paani,Manegaon,,Solapur,Solapur,Maharashtra,Manegaon,exact,17.998700974391717,75.64437543015521
p1565,Paani,Mungashi (R),,Solapur,Solapur,Maharashtra,Mungashi (R),exact,18.085741394608434,75.88379949059923
p1566,Paani,Mungashi (Va),,Solapur,Solapur,Maharashtra,Mungashi (Va),exact,17.98745534154517,75.75654678139307
p1567,Paani,Pangaon,,Solapur,Solapur,Maharashtra,Pangaon,exact,18.134671589024393,75.733643042771
p1568,Paani,Pangri,,Solapur,Solapur,Maharashtra,Pangri,exact,18.297057847609807,75.86446513649524
p1569,Paani,Pathari,,Solapur,Solapur,Maharashtra,Pathari,exact,17.627522601733578,75.79363581639463
p1570,Paani,Pimpri (Ratanjan),,Solapur,Solapur,Maharashtra,Pimpri (Ratanjan),exact,18.15209237573161,75.88317716684857
p1571,Paani,Raleras,,Solapur,Solapur,Maharashtra,Raleras,exact,17.80953764489005,75.93736169064464
p1572,Paani,Ratanjan,,Solapur,Solapur,Maharashtra,Ratanjan,exact,18.054874646102082,75.86251617502431
p1573,Paani,Sangamner,,Solapur,Solapur,Maharashtra,Sangamner,exact,18.041580432662794,76.00088551023903
p1574,Paani,Sarjapur,,Solapur,Solapur,Maharashtra,Sarjapur,exact,18.03514779580774,75.83251497514944
p1575,Paani,Sasure,,Solapur,Solapur,Maharashtra,Sasure,exact,18.021233795028714,75.79228705535083
p1576,Paani,Saundare,,Solapur,Solapur,Maharashtra,Saundare,exact,18.19183848946076,75.7264073911024
p1577,Paani,Shelgaon (R),,Solapur,Solapur,Maharashtra,Shelgaon (R),exact,17.95709200456658,75.82389963739436
p1578,Paani,Tadwale (Ma),,Solapur,Solapur,Maharashtra,,district-centroid,17.789194352469547,75.48031839548908
p1579,Paani,Tandulwadi,,Solapur,Solapur,Maharashtra,Tandulwadi,exact,17.76117030614367,76.0801574444332
p1580,Paani,Delwadi,,Solapur,Solapur,Maharashtra,Delwadi,exact,18.335624478646302,74.92896313381962
p1581,Paani,Deolali,,Solapur,Solapur,Maharashtra,Deolali,exact,18.370120112197228,75.17597758063556
p1582,Paani,Gharatwadi,,Solapur,Solapur,Maharashtra,Gharatwadi,exact,18.366831880789555,74.91845218839666
p1583,Paani,Ghargaon,,Solapur,Solapur,Maharashtra,Ghargaon,exact,18.47702112156292,75.29114998992837
p1584,Paani,Ghoti,,Solapur,Solapur,Maharashtra,Ghoti,exact,17.919076697544106,75.24651472621096
p1585,Paani,Gulsadi,,Solapur,Solapur,Maharashtra,Gulsadi,exact,18.343032790366884,75.2081724723963
p1586,Paani,Kamone,,Solapur,Solapur,Maharashtra,Kamone,exact,18.487178819217032,75.2146381632204
p1587,Paani,Khadaki,,Solapur,Solapur,Maharashtra,Khadaki,exact,17.38834250699343,75.39501356658552
p1588,Paani,Kuskarwadi,,Solapur,Solapur,Maharashtra,Kuskarwadi,exact,18.361409104377405,75.01899356179788
p1589,Paani,Phisare,,Solapur,Solapur,Maharashtra,Phisare,exact,18.331742292479113,75.26813313175916
p1590,Paani,Potegaon,,Solapur,Solapur,Maharashtra,Potegaon,exact,18.455496991345917,75.27268243408028
p1591,Paani,Ravgaon,,Solapur,Solapur,Maharashtra,Ravgaon,exact,18.456577381220093,75.1252301058272
p1592,Paani,Sarapdoh,,Solapur,Solapur,Maharashtra,Sarapdoh,exact,18.31196642886544,75.20976506442776
p1593,Paani,Shelgaon (K),,Solapur,Solapur,Maharashtra,Shelgaon (K),exact,18.34260374923343,75.24115343499454
p1594,Paani,Taratgaon,,Solapur,Solapur,Maharashtra,Taratgaon,exact,17.64884034024394,75.76350704026038
p1595,Paani,Umrad,,Solapur,Solapur,Maharashtra,Umrad,exact,18.320282361368424,75.07494546016342
p1596,Paani,Wadgaon (N),,Solapur,Solapur,Maharashtra,Wadgaon (N),exact,18.479837568578404,75.16145577153792
p1597,Paani,Ahergaon,,Solapur,Solapur,Maharashtra,Ahergaon,exact,17.978778331993723,75.27828883443851
p1598,Paani,Bavi,,Solapur,Solapur,Maharashtra,Bavi,exact,17.944655154273953,75.43382503532183
p1599,Paani,Bembale,,Solapur,Solapur,Maharashtra,Bembale,exact,17.95586623546966,75.21157990476055
p1600,Paani,Bhutashte,,Solapur,Solapur,Maharashtra,Bhutashte,exact,17.991037726307447,75.4251886765813
p1601,Paani,Bitergaon,,Solapur,Solapur,Maharashtra,Bitergaon,exact,18.218726417231967,75.39316605709692
p1602,Paani,Dhavalas,,Solapur,Solapur,Maharashtra,Dhavalas,exact,17.565855570032934,75.42973620650132
p1603,Paani,Ghatane,,Solapur,Solapur,Maharashtra,Ghatane,exact,18.05930152048071,75.43829224430482
p1604,Paani,Jamgaon,,Solapur,Solapur,Maharashtra,Jamgaon,exact,18.05793716117946,75.61207404506436
p1605,Paani,Lahu,,Solapur,Solapur,Maharashtra,Lahu,exact,18.15774762430595,75.45285104310604
p1606,Paani,Madha,,Solapur,Solapur,Maharashtra,Madha,exact,18.03670753137976,75.51526007524747
p1607,Paani,Manegaon,,Solapur,Solapur,Maharashtra,Manegaon,exact,17.998700974391717,75.64437543015521
p1608,Paani,Mhaisgaon,,Solapur,Solapur,Maharashtra,Mhaisgaon,exact,18.13376921653331,75.49477753217292
p1609,Paani,Mitkalwadi,,Solapur,Solapur,Maharashtra,Mitkalwadi,exact,17.956207634136778,75.17641688396077
p1610,Paani,Mungashi,,Solapur,Solapur,Maharashtra,Mungashi,exact,18.251128073125102,75.41273043267705
p1611,Paani,Paritewadi,,Solapur,Solapur,Maharashtra,Paritewadi,exact,17.943926105216462,75.29032086091281
p1612,Paani,Ropale Kh.,,Solapur,Solapur,Maharashtra,Ropale Kh.,exact,17.968129451683204,75.45152605497991
p1613,Paani,Sapatne (Bhose),,Solapur,Solapur,Maharashtra,Sapatne (Bhose),exact,18.032602227152193,75.4557236093488
p1614,Paani,Shevare,,Solapur,Solapur,Maharashtra,Shevare,exact,17.993412539102646,75.14113690186034
p1615,Paani,Solankarwadi,,Solapur,Solapur,Maharashtra,Solankarwadi,exact,17.948876084211623,75.4081621827595
p1616,Paani,Tambave,,Solapur,Solapur,Maharashtra,Tambave,exact,18.03828826424881,75.24348404814911
p1617,Paani,Upalai Bk.,,Solapur,Solapur,Maharashtra,Upalai Bk.,exact,17.973640719679878,75.4901638048488
p1618,Paani,Wadachiwadi (A. U.),,Solapur,Solapur,Maharashtra,Wadachiwadi,exact,17.93824782918474,75.47323399303086
p1619,Paani,Wadachiwadi (U. Bu.),,Solapur,Solapur,Maharashtra,Wadachiwadi,exact,17.93824782918474,75.47323399303086
p1620,Paani,Wetalwadi,,Solapur,Solapur,Maharashtra,Wetalwadi,exact,18.05648874285607,75.47843492925122
p1621,Paani,Akolekati,,Solapur,Solapur,Maharashtra,Akolekati,exact,17.791587068836265,75.83435681826073
p1622,Paani,Belati,,Solapur,Solapur,Maharashtra,Belati,exact,17.651635584379918,75.81952532494964
p1623,Paani,Bhogaon,,Solapur,Solapur,Maharashtra,Bhogaon,exact,17.73521087603961,75.88837914943679
p1624,Paani,Hiraj,,Solapur,Solapur,Maharashtra,Hiraj,exact,17.695007725359297,75.80965332388004
p1625,Paani,Kalman,,Solapur,Solapur,Maharashtra,Kalman,exact,17.923121338365867,75.78914251138481
p1626,Paani,Karamba,,Solapur,Solapur,Maharashtra,Karamba,exact,17.771579592118762,75.86210237113319
p1627,Paani,Mardi,,Solapur,Solapur,Maharashtra,Mardi,exact,17.80051314187302,75.89196255039292
p1628,Paani,Nandur,,Solapur,Solapur,Maharashtra,Nandur,exact,17.57964194064389,75.85005045906728
p1629,Paani,Nannaj,,Solapur,Solapur,Maharashtra,Nannaj,exact,17.8352386511706,75.8468453418827
p1630,Paani,Pathari,,Solapur,Solapur,Maharashtra,Pathari,exact,17.627522601733578,75.79363581639463
p1631,Paani,Sakharewadi,,Solapur,Solapur,Maharashtra,Sakharewadi,exact,17.943535309204854,75.75395790533842
p1632,Paani,Sevalalnager,,Solapur,Solapur,Maharashtra,Sevalalnager,exact,17.819042630905752,75.91600679128582
p1633,Paani,Shivani,,Solapur,Solapur,Maharashtra,Shivani,exact,17.703774116218057,75.7779062202944
p1634,Paani,Ahirwada,,Wardha,Wardha,Maharashtra,Ahirwada,exact,20.95462752618494,78.18088749853644
p1635,Paani,Ajangaon,,Wardha,Wardha,Maharashtra,Ajangaon,exact,20.86048317816508,78.42795026846292
p1636,Paani,Ambikapur,,Wardha,Wardha,Maharashtra,Ambikapur,exact,21.23947989868982,78.09141299595639
p1637,Paani,Bahadarpur (Dhanodi),,Wardha,Wardha,Maharashtra,Bahadarpur,exact,21.12016447962667,78.18079323189544
p1638,Paani,Bajarwada,,Wardha,Wardha,Maharashtra,Bajarwada,exact,20.972503202033717,78.24818805015775
p1639,Paani,Bedhona,,Wardha,Wardha,Maharashtra,Bedhona,exact,20.99089248101364,78.31591487437639
p1640,Paani,Belhara,,Wardha,Wardha,Maharashtra,Belhara,exact,21.034535937030842,78.36545271133085
p1641,Paani,Benoda,,Wardha,Wardha,Maharashtra,Benoda,exact,21.00581344075558,78.20127207732014
p1642,Paani,Bhadod (Panwadi),,Wardha,Wardha,Maharashtra,Panwadi,exact,20.88689256247134,78.43083433041906
p1643,Paani,Bhaipur,,Wardha,Wardha,Maharashtra,Bhaipur,exact,20.992437605803794,78.21212610714814
p1644,Paani,Bodad,,Wardha,Wardha,Maharashtra,Bodad,exact,20.874254987432256,78.32308540100355
p1645,Paani,Borgaon Hatla,,Wardha,Wardha,Maharashtra,,district-centroid,20.784335033048276,78.67757800709187
p1646,Paani,Chandani,,Wardha,Wardha,Maharashtra,Chandani,exact,21.012163546849685,78.21738986007138
p1647,Paani,Chincholi Dange,,Wardha,Wardha,Maharashtra,,district-centroid,20.72375459741237,78.6459673400199
p1648,Paani,Deurwada,,Wardha,Wardha,Maharashtra,Deurwada,exact,20.973211495183186,78.15606340048139
p1649,Paani,Gaurkheda,,Wardha,Wardha,Maharashtra,Gaurkheda,exact,20.87203017235915,78.36589678668597
p1650,Paani,Gavhankhedi,,Wardha,Wardha,Maharashtra,Gavhankhedi,exact,20.929589647805205,78.31432001617559
p1651,Paani,Gumgaon,,Wardha,Wardha,Maharashtra,Gumgaon,exact,20.954019613882434,78.3474910367484
p1652,Paani,Haibatpur,,Wardha,Wardha,Maharashtra,Haibatpur,exact,20.96229360534455,78.21674221202923
p1653,Paani,Hardoli,,Wardha,Wardha,Maharashtra,Hardoli,exact,20.966974996634587,78.2669683543405
p1654,Paani,Hiwara,,Wardha,Wardha,Maharashtra,Hiwara,exact,21.024550168799163,78.33981801807671
p1655,Paani,Itlapur,,Wardha,Wardha,Maharashtra,Itlapur,exact,20.517619976258697,78.83581108980411
p1656,Paani,Jamkhuta,,Wardha,Wardha,Maharashtra,Jamkhuta,exact,21.01498759167812,78.32631263679653
p1657,Paani,Kakaddara,,Wardha,Wardha,Maharashtra,Kakaddara,exact,21.263305904586048,78.23994822372924
p1658,Paani,Karmabad,,Wardha,Wardha,Maharashtra,Karmabad,exact,20.991740737768982,78.16688759374469
p1659,Paani,Kawadi,,Wardha,Wardha,Maharashtra,Kawadi,exact,20.93151886728988,78.29823411730581
p1660,Paani,Khadaki,,Wardha,Wardha,Maharashtra,Khadaki,exact,21.025556920764238,78.19907751871774
p1661,Paani,Khubgaon,,Wardha,Wardha,Maharashtra,Khubgaon,exact,20.95796468194939,78.23440258516935
p1662,Paani,Kopra,,Wardha,Wardha,Maharashtra,Kopra,exact,21.346892244511476,78.08264685339324
p1663,Paani,Krishnapur,,Wardha,Wardha,Maharashtra,Krishnapur,exact,20.848416627545546,78.60606560106099
p1664,Paani,Ladegaon,,Wardha,Wardha,Maharashtra,Ladegaon,exact,21.009807471398876,78.14697562498048
p1665,Paani,Madana,,Wardha,Wardha,Maharashtra,Madana,exact,20.91136410342468,78.54169372551574
p1666,Paani,Mandla,,Wardha,Wardha,Maharashtra,Mandla,exact,21.04888885727285,78.23529331201483
p1667,Paani,Marda,,Wardha,Wardha,Maharashtra,Marda,exact,20.82448314405216,78.32328976991622
p1668,Paani,Morangana,,Wardha,Wardha,Maharashtra,Morangana,exact,20.908115813873994,78.46339060969281
p1669,Paani,Nandora,,Wardha,Wardha,Maharashtra,Nandora,exact,21.273999731867697,78.10026083296711
p1670,Paani,Nandpur,,Wardha,Wardha,Maharashtra,Nandpur,exact,21.00815407797112,78.17275468252596
p1671,Paani,Natala,,Wardha,Wardha,Maharashtra,Natala,exact,20.872008721335305,78.4638967488694
p1672,Paani,Nimboli,,Wardha,Wardha,Maharashtra,Nimboli,exact,20.92019713519892,78.18749041564351
p1673,Paani,Pachegaon,,Wardha,Wardha,Maharashtra,Pachegaon,exact,20.95180930479976,78.2677257370656
p1674,Paani,Pachod,,Wardha,Wardha,Maharashtra,Pachod,exact,21.035595368100733,78.31137284332081
p1675,Paani,Panjara,,Wardha,Wardha,Maharashtra,Panjara,exact,20.97414041928134,78.29163633920871
p1676,Paani,Panjara Bothali,,Wardha,Wardha,Maharashtra,Panjara  Bothali,exact,20.895666589006623,78.35790105577617
p1677,Paani,Panwadi,,Wardha,Wardha,Maharashtra,Panwadi,exact,20.88689256247134,78.43083433041906
p1678,Paani,Pargothan,,Wardha,Wardha,Maharashtra,Pargothan,exact,20.912857860125378,78.29826513538313
p1679,Paani,Pimpalgaon (Sorta),,Wardha,Wardha,Maharashtra,Pimpalgaon,exact,20.855462143294744,78.45447722287285
p1680,Paani,Pipari,,Wardha,Wardha,Maharashtra,Pipari,exact,20.914399008091024,78.27445557251428
p1681,Paani,Rajapur,,Wardha,Wardha,Maharashtra,Rajapur,exact,21.292539755257483,78.11212375090466
p1682,Paani,Rasulabad,,Wardha,Wardha,Maharashtra,Rasulabad,exact,20.77345893628298,78.35819765616847
p1683,Paani,Saheli,,Wardha,Wardha,Maharashtra,Saheli,exact,20.97248694832148,78.50473594383905
p1684,Paani,Salfal,,Wardha,Wardha,Maharashtra,,district-centroid,20.828625138512617,78.58672349893673
p1685,Paani,Sarkaspur(Puarvasan),,Wardha,Wardha,Maharashtra,Sarkaspur,exact,20.950081183054856,78.17252824530708
p1686,Paani,Sukli (Sa.Bothali),,Wardha,Wardha,Maharashtra,Sukli,exact,20.90204301483508,78.41842865954538
p1687,Paani,Takli,,Wardha,Wardha,Maharashtra,Takli,exact,20.787943452694105,78.32714151716758
p1688,Paani,Tembhari,,Wardha,Wardha,Maharashtra,Tembhari,exact,20.841320003918288,78.43111985075602
p1689,Paani,Tona,,Wardha,Wardha,Maharashtra,Tona,exact,20.95258252165252,78.1575304142367
p1690,Paani,Umari (Aajangaon),,Wardha,Wardha,Maharashtra,Umari,exact,20.904842154787524,78.3986336934516
p1691,Paani,Virul,,Wardha,Wardha,Maharashtra,Virul,exact,20.804780366223284,78.3460199772034
p1692,Paani,Wadgaon,,Wardha,Wardha,Maharashtra,Wadgaon,exact,20.853825399443316,78.28521767103013
p1693,Paani,Wai,,Wardha,Wardha,Maharashtra,Wai,exact,20.843237244930307,78.35350957746616
p1694,Paani,Wardh,,Wardha,Wardha,Maharashtra,Wardha,fuzzy,21.068849120618115,78.21711193302295
p1695,Paani,Anandwadi,,Wardha,Wardha,Maharashtra,Anandwadi,exact,21.124202062675145,78.16812499666018
p1696,Paani,Bambarda,,Wardha,Wardha,Maharashtra,Bambarda,exact,21.172203539827056,78.26108046940627
p1697,Paani,Belora Bk,,Wardha,Wardha,Maharashtra,Belora Bk,exact,21.25340643620174,78.06049475992087
p1698,Paani,Belora Kh,,Wardha,Wardha,Maharashtra,Belora Kh,exact,21.081295225976863,78.174841143509
p1699,Paani,Bharaswada,,Wardha,Wardha,Maharashtra,Bharaswada,exact,21.13528307695335,78.15250435864095
p1700,Paani,Bhishnur,,Wardha,Wardha,Maharashtra,Bhishnur,exact,21.112572209596728,78.14674848025717
p1701,Paani,Borkhedi,,Wardha,Wardha,Maharashtra,Borkhedi,exact,21.28307861108622,78.21223939801183
p1702,Paani,Chamala,,Wardha,Wardha,Maharashtra,Chamala,exact,21.1903752244894,78.241459488751
p1703,Paani,Chistur,,Wardha,Wardha,Maharashtra,Chistur,exact,21.102561831752194,78.16917178928854
p1704,Paani,Delwadi,,Wardha,Wardha,Maharashtra,Delwadi,exact,21.24811435169781,78.10124111662273
p1705,Paani,Dhadi,,Wardha,Wardha,Maharashtra,Dhadi,exact,21.266492505587504,78.21472732632412
p1706,Paani,Dugrawada,,Wardha,Wardha,Maharashtra,,district-centroid,20.797842432037243,78.55367616717623
p1707,Paani,Jaitapur,,Wardha,Wardha,Maharashtra,Jaitapur,exact,21.214517531711266,78.14771112090946
p1708,Paani,Jolwadi,,Wardha,Wardha,Maharashtra,Jolwadi,exact,21.258289269953142,78.09521156349923
p1709,Paani,Kakaddara,,Wardha,Wardha,Maharashtra,Kakaddara,exact,21.263305904586048,78.23994822372924
p1710,Paani,Khadaka,,Wardha,Wardha,Maharashtra,Khadaka,exact,21.083442662736303,78.15689384958897
p1711,Paani,Khadki,,Wardha,Wardha,Maharashtra,Khadki,exact,21.18014795013063,78.13534307355452
p1712,Paani,Khambit,,Wardha,Wardha,Maharashtra,Khambit,exact,21.242271107305317,78.07428542663257
p1713,Paani,Kinhala,,Wardha,Wardha,Maharashtra,Kinhala,exact,21.200020904876627,78.12532350514594
p1714,Paani,Mamdapur,,Wardha,Wardha,Maharashtra,Mamdapur,exact,21.149532322399832,78.1785912021927
p1715,Paani,Maniknagar,,Wardha,Wardha,Maharashtra,,district-centroid,20.82357813264097,78.63934681494182
p1716,Paani,Manikwada,,Wardha,Wardha,Maharashtra,Manikwada,exact,21.27285627825977,78.2710780636829
p1717,Paani,Moi,,Wardha,Wardha,Maharashtra,Moi,exact,21.23707898945704,78.27170426087065
p1718,Paani,Parsoda,,Wardha,Wardha,Maharashtra,Parsoda,exact,21.18715865524305,78.1523743587175
p1719,Paani,Pilapur,,Wardha,Wardha,Maharashtra,Pilapur,exact,21.26156961802409,78.12188000547926
p1720,Paani,Ranwadi,,Wardha,Wardha,Maharashtra,Ranwadi,exact,21.08585510668619,78.20686815999741
p1721,Paani,Sahur,,Wardha,Wardha,Maharashtra,Sahur,exact,21.301476795994738,78.20991935609567
p1722,Paani,Sawanga,,Wardha,Wardha,Maharashtra,Sawanga,exact,21.327008243748498,78.11246217533252
p1723,Paani,Sirsoli,,Wardha,Wardha,Maharashtra,Sirsoli,exact,21.184908437446726,78.10357671579185
p1724,Paani,Sujatpur,,Wardha,Wardha,Maharashtra,Sujatpur,exact,21.230319701152055,78.15549900771515
p1725,Paani,Tekoda,,Wardha,Wardha,Maharashtra,Tekoda,exact,21.153513671917356,78.14313661106192
p1726,Paani,Thar,,Wardha,Wardha,Maharashtra,Thar,exact,21.015308214582546,78.34520525465545
p1727,Paani,Wadala,,Wardha,Wardha,Maharashtra,Wadala,exact,21.331631782475597,78.13981553253396
p1728,Paani,Wagholi,,Wardha,Wardha,Maharashtra,Wagholi,exact,21.171834042346216,78.1120250062306
p1729,Paani,Wardhapur,,Wardha,Wardha,Maharashtra,Wardhapur,exact,21.323231897169222,78.15389981728951
p1730,Paani,Ajanadevi,,Wardha,Wardha,Maharashtra,Ajanadevi,exact,21.18286738921256,78.35626660155539
p1731,Paani,Ajandoh,,Wardha,Wardha,Maharashtra,Ajandoh,exact,21.091930893078395,78.48681352635495
p1732,Paani,Bhalewadi,,Wardha,Wardha,Maharashtra,Bhalewadi,exact,21.11924749183222,78.38643575131029
p1733,Paani,Bhalu,,Wardha,Wardha,Maharashtra,Bhalu,exact,21.18972362097976,78.48818668735427
p1734,Paani,Bhiwapur,,Wardha,Wardha,Maharashtra,Bhiwapur,exact,21.066851577959373,78.51408786967464
p1735,Paani,Bihadi,,Wardha,Wardha,Maharashtra,Bihadi,exact,21.20803492747024,78.4274988273075
p1736,Paani,Bondar Thana,,Wardha,Wardha,Maharashtra,Bondar Thana,exact,21.126139168164812,78.34439091755708
p1737,Paani,Botona,,Wardha,Wardha,Maharashtra,Botona,exact,21.19130015865897,78.28013398266413
p1738,Paani,Brahmanwada,,Wardha,Wardha,Maharashtra,Brahmanwada,exact,20.943006080429825,78.54697510935164
p1739,Paani,Chandewani,,Wardha,Wardha,Maharashtra,Chandewani,exact,21.17734501317759,78.44133844196199
p1740,Paani,Chopan,,Wardha,Wardha,Maharashtra,Chopan,exact,21.010299644707388,78.37193988841277
p1741,Paani,Danapur,,Wardha,Wardha,Maharashtra,Danapur,exact,20.97405614091389,78.40463186649133
p1742,Paani,Dhamkund,,Wardha,Wardha,Maharashtra,Dhamkund,exact,21.0631409053178,78.35787942313243
p1743,Paani,Dhanoli,,Wardha,Wardha,Maharashtra,Dhanoli,exact,21.05980458843652,78.60778773625012
p1744,Paani,Dharti,,Wardha,Wardha,Maharashtra,Dharti,exact,21.179855734422517,78.50597199045338
p1745,Paani,Dhawadi Bk,,Wardha,Wardha,Maharashtra,Dhawadi Bk,exact,21.136111620280225,78.39524236071234
p1746,Paani,Garpit,,Wardha,Wardha,Maharashtra,Garpit,exact,21.071982030279553,78.38499840985901
p1747,Paani,Gawandi,,Wardha,Wardha,Maharashtra,Gawandi,exact,21.133256750263435,78.43214354953578
p1748,Paani,Heti Kundi,,Wardha,Wardha,Maharashtra,,district-centroid,20.87519817927745,78.51539453008448
p1749,Paani,Jamani,,Wardha,Wardha,Maharashtra,Jamani,exact,21.138546248790313,78.4890539448216
p1750,Paani,Junapani,,Wardha,Wardha,Maharashtra,Junapani,exact,21.120767043069705,78.37063363761794
p1751,Paani,Kharaskhanda,,Wardha,Wardha,Maharashtra,Kharas Khanda,fuzzy,21.125500942827703,78.46291722104739
p1752,Paani,Kinhala,,Wardha,Wardha,Maharashtra,Kinhala,exact,21.200020904876627,78.12532350514594
p1753,Paani,Nagazari,,Wardha,Wardha,Maharashtra,Nagazari,exact,21.316967139749934,78.14399827814343
p1754,Paani,Nandora,,Wardha,Wardha,Maharashtra,Nandora,exact,21.273999731867697,78.10026083296711
p1755,Paani,Panjara Go.,,Wardha,Wardha,Maharashtra,,district-centroid,20.838439070541572,78.69946483954773
p1756,Paani,Sarwadi,,Wardha,Wardha,Maharashtra,Sarwadi,exact,21.15051279639046,78.27843557256104
p1757,Paani,Sawali Kh,,Wardha,Wardha,Maharashtra,Sawali Kh,exact,21.136410195973394,78.51523037205735
p1758,Paani,Selgaon U.,,Wardha,Wardha,Maharashtra,,district-centroid,20.793797827948254,78.70543940300291
p1759,Paani,Sindi Vihiri,,Wardha,Wardha,Maharashtra,Sindi Vihiri,exact,21.03268336468116,78.55141188032282
p1760,Paani,Taroda,,Wardha,Wardha,Maharashtra,Taroda,exact,20.93847636611669,78.36321868425807
p1761,Paani,Akhatwada,,Washim,Washim,Maharashtra,Akhatwada,exact,20.533677866488887,77.54344903817648
p1762,Paani,Amboda,,Washim,Washim,Maharashtra,Amboda,exact,20.674231479402565,77.60184033835846
p1763,Paani,Antarkhed,,Washim,Washim,Maharashtra,Antarkhed,exact,20.571367538498805,77.46757541622432
p1764,Paani,Babapur,,Washim,Washim,Maharashtra,Babapur,exact,20.628563272557198,77.49833267370167
p1765,Paani,Bambarda,,Washim,Washim,Maharashtra,Bambarda,exact,20.568713426847047,77.49772744704632
p1766,Paani,Belkhed,,Washim,Washim,Maharashtra,Belkhed,exact,20.354618311541834,77.38792145695798
p1767,Paani,Bembla,,Washim,Washim,Maharashtra,Bembla,exact,20.645903058072008,77.46962207290706
p1768,Paani,Dhanaj Budruk,,Washim,Washim,Maharashtra,,district-centroid,20.302050867935876,77.20532733739898
p1769,Paani,Dhanaj Khurd,,Washim,Washim,Maharashtra,,district-centroid,20.262689013986897,77.34565435687973
p1770,Paani,Dhotra (Deshmukh),,Washim,Washim,Maharashtra,Dhotra (Deshmukh),exact,20.598170067010354,77.63079045007149
p1771,Paani,Dhotra (Jahangir),,Washim,Washim,Maharashtra,Dhotra (Jahangir),exact,20.695590460417613,77.5481349947507
p1772,Paani,Dighi,,Washim,Washim,Maharashtra,Dighi,exact,20.41388333078089,77.57314103642287
p1773,Paani,Higanwadi,,Washim,Washim,Maharashtra,Hinganwadi,fuzzy,20.687050062853753,77.62507339213765
p1774,Paani,Hiwara (Lahe),,Washim,Washim,Maharashtra,Hiwara (Lahe),exact,20.60228605579846,77.57593518634455
p1775,Paani,Jamb,,Washim,Washim,Maharashtra,Jamb,exact,20.31787865611902,77.29819265520653
p1776,Paani,Janori,,Washim,Washim,Maharashtra,Janori,exact,20.558861948154913,77.34779682820401
p1777,Paani,Kamargaon,,Washim,Washim,Maharashtra,Kamargaon,exact,20.615996603938047,77.50424241315186
p1778,Paani,Kherda Bk.,,Washim,Washim,Maharashtra,Kherda Bk.,exact,20.341162480036285,77.2124620847256
p1779,Paani,Kherda Karanja,,Washim,Washim,Maharashtra,,district-centroid,20.382367626875272,77.21753891038304
p1780,Paani,Kinhi Rokade,,Washim,Washim,Maharashtra,,district-centroid,20.40122754065754,77.33399083382677
p1781,Paani,Kupati,,Washim,Washim,Maharashtra,Kupati,exact,20.565006761685932,77.52291540532185
p1782,Paani,Ladegaon,,Washim,Washim,Maharashtra,Ladegaon,exact,20.627923018254585,77.54333849182369
p1783,Paani,Loni (Arab),,Washim,Washim,Maharashtra,Loni (Arab),exact,20.568995850730367,77.59384258414102
p1784,Paani,Mahagaon,,Washim,Washim,Maharashtra,Mahagaon,exact,20.079319165502593,76.66987137719595
p1785,Paani,Malegaon Dhanaj,,Washim,Washim,Maharashtra,,district-centroid,20.21106702564414,77.40254208593974
p1786,Paani,Mandwa,,Washim,Washim,Maharashtra,Mandwa,exact,19.89034846646348,76.68517225739205
p1787,Paani,Mhasala,,Washim,Washim,Maharashtra,,district-centroid,20.14565926119096,77.34206690062773
p1788,Paani,Mugutpur,,Washim,Washim,Maharashtra,Mugutpur,exact,20.59164244906112,77.59848879542932
p1789,Paani,Naregaon,,Washim,Washim,Maharashtra,Naregaon,exact,20.578825451383267,77.55942403105908
p1790,Paani,Nimbha Jahangir,,Washim,Washim,Maharashtra,Nimbha Jahangir,exact,20.56146822665,77.61294954712909
p1791,Paani,Palana,,Washim,Washim,Maharashtra,Palana,exact,20.574402653765787,77.4096473003537
p1792,Paani,Pimpalgaon Kh.,,Washim,Washim,Maharashtra,Pimpalgaon Kh.,exact,20.430730526999024,77.51979352793852
p1793,Paani,Pimpri (Modak),,Washim,Washim,Maharashtra,Pimpri (Modak),exact,20.6271534805923,77.57490774127311
p1794,Paani,Shaha,,Washim,Washim,Maharashtra,Shaha,exact,20.5236991867643,77.46714193813762
p1795,Paani,Shemlai,,Washim,Washim,Maharashtra,Shemlai,exact,20.57623938105196,77.53956835015056
p1796,Paani,Shirsoli,,Washim,Washim,Maharashtra,Shirsoli,exact,20.679935747876517,77.58344616977779
p1797,Paani,Sohal,,Washim,Washim,Maharashtra,Sohal,exact,20.422023179407912,77.43822780071382
p1798,Paani,Somthana,,Washim,Washim,Maharashtra,Somthana,exact,20.21290490026486,77.54640037468253
p1799,Paani,Tuljapur,,Washim,Washim,Maharashtra,Tuljapur,exact,20.29601064311617,77.33274757522307
p1800,Paani,Umbarda Bajar,,Washim,Washim,Maharashtra,,district-centroid,20.35306164421024,77.27679740963025
p1801,Paani,Vilegaon,,Washim,Washim,Maharashtra,Vilegaon,exact,19.999680471253605,77.09344406212355
p1802,Paani,Virgavhan,,Washim,Washim,Maharashtra,Virgavhan,exact,20.57773748088447,77.58019691446334
p1803,Paani,Wadhavi,,Washim,Washim,Maharashtra,Wadhavi,exact,20.490333255505867,77.34836666885826
p1804,Paani,Walhai,,Washim,Washim,Maharashtra,Walhai,exact,20.50747488511454,77.44013415382653
p1805,Paani,Yawardi,,Washim,Washim,Maharashtra,Yawardi,exact,20.53155681691458,77.6104086897444
p1806,Paani,Zodaga,,Washim,Washim,Maharashtra, ,exact,20.465825239218336,77.61217740374218
p1807,Paani,Asegaon,,Washim,Washim,Maharashtra,Asegaon,exact,20.146601513398416,77.33060601091856
p1808,Paani,Bhadkumbha,,Washim,Washim,Maharashtra,Bhadkumbha,exact,20.178874112803875,77.3797812818713
p1809,Paani,Bitoda Bhoyar,,Washim,Washim,Maharashtra,Bitoda (Bhoyar),exact,20.195986307230573,77.27359389167678
p1810,Paani,Borwha Bk.,,Washim,Washim,Maharashtra,Borwha Bk.,exact,20.251957062205868,77.61585645724332
p1811,Paani,Chambhai,,Washim,Washim,Maharashtra,Chambhai,exact,20.346047381839654,77.31282212200767
p1812,Paani,Chorad,,Washim,Washim,Maharashtra,Chorad,exact,20.35332270907546,77.19479309104292
p1813,Paani,Dastapur,,Washim,Washim,Maharashtra,Dastapur,exact,20.24529699012651,77.31501580100834
p1814,Paani,Ghota,,Washim,Washim,Maharashtra,Ghota,exact,19.99180163326046,76.8783892530987
p1815,Paani,Golwadi,,Washim,Washim,Maharashtra,Golwadi,exact,20.280168880901606,77.29780363602009
p1816,Paani,Jamb,,Washim,Washim,Maharashtra,Jamb,exact,20.31787865611902,77.29819265520653
p1817,Paani,Kalamba Bodakhe,,Washim,Washim,Maharashtra,,district-centroid,20.314118946552114,77.13868059576777
p1818,Paani,Kasola,,Washim,Washim,Maharashtra,Kasola,exact,20.223071587488846,77.29383034062893
p1819,Paani,Kawathal,,Washim,Washim,Maharashtra,Kawathal,exact,20.328057885352923,77.46697580661211
p1820,Paani,Kolambi,,Washim,Washim,Maharashtra,Kolambi,exact,20.254598352824008,77.38022141006762
p1821,Paani,Lakhamapur,,Washim,Washim,Maharashtra,Lakhamapur,exact,20.407182462553113,77.41124312194039
p1822,Paani,Mangalsa,,Washim,Washim,Maharashtra,Mangalsa,exact,20.346966994307486,77.36090615129747
p1823,Paani,Manoli,,Washim,Washim,Maharashtra,Manoli,exact,20.285856351133894,77.27908034849783
p1824,Paani,Masola Bk.,,Washim,Washim,Maharashtra,Masola Bk.,exact,20.383431261116925,77.31924254794762
p1825,Paani,Mohari,,Washim,Washim,Maharashtra,Mohari,exact,20.35840875325896,77.41258885817604
p1826,Paani,Nimbi,,Washim,Washim,Maharashtra,Nimbi,exact,20.272313564625048,77.26388444273785
p1827,Paani,Ramgaon,,Washim,Washim,Maharashtra,Ramgaon,exact,20.237345543550425,77.24988719114621
p1828,Paani,Shendurjana More,,Washim,Washim,Maharashtra,Shendurjana (More),exact,20.413075187764296,77.26480200082435
p1829,Paani,Shivani D,,Washim,Washim,Maharashtra,Shivani (d),exact,20.17750846185558,77.33219552096864
p1830,Paani,Wanoja 2,,Washim,Washim,Maharashtra,,district-centroid,20.331434438529573,77.39132651667335
p1831,Timbaktu,Amidalakunta,Ck Palli,Sri Sathyasai,Sri Sathya Sai,Andhra Pradesh,,district-centroid,13.99034189996257,77.66293544154459
p1832,Timbaktu,Basampalli,Ck Palli,Sri Sathyasai,Sri Sathya Sai,Andhra Pradesh,,district-centroid,14.203091689111536,77.81725658292778
p1833,Timbaktu,Basinepalli,Ck Palli,Sri Sathyasai,Sri Sathya Sai,Andhra Pradesh,,district-centroid,13.953160142413024,77.73675770106028
p1834,Timbaktu,Bramahanapalli,Ck Palli,Sri Sathyasai,Sri Sathya Sai,Andhra Pradesh,,district-centroid,14.215482306758727,77.7356397449021
p1835,Timbaktu,Burujuguttapalli,Ck Palli,Sri Sathyasai,Sri Sathya Sai,Andhra Pradesh,,district-centroid,13.966730739886392,77.81813329826065
p1836,Timbaktu,Chandhamuru,Ck Palli,Sri Sathyasai,Sri Sathya Sai,Andhra Pradesh,,district-centroid,14.177349974090772,77.66260070943248
p1837,Timbaktu,Chennekothapalli,Ck Palli,Sri Sathyasai,Sri Sathya Sai,Andhra Pradesh,Chennekothapalle,fuzzy,14.27520586033513,77.62159183330643
p1838,Timbaktu,Chinapareddypalli,Ck Palli,Sri Sathyasai,Sri Sathya Sai,Andhra Pradesh,,district-centroid,14.10358300867089,77.62625308016514
p1839,Timbaktu,Chinnapalli,Ck Palli,Sri Sathyasai,Sri Sathya Sai,Andhra Pradesh,,district-centroid,14.106972385020905,77.88721379352317
p1840,Timbaktu,Chinnapeta,Ck Palli,Sri Sathyasai,Sri Sathya Sai,Andhra Pradesh,,district-centroid,14.216510294320916,77.70746867036013
p1841,Timbaktu,Cm palli,Ck Palli,Sri Sathyasai,Sri Sathya Sai,Andhra Pradesh,,district-centroid,13.943518678035273,77.76324477457187
p1842,Timbaktu,Damajipalli,Ck Palli,Sri Sathyasai,Sri Sathya Sai,Andhra Pradesh, ,fuzzy,13.89315672929412,77.49511123147278
p1843,Timbaktu,Ganginepalli,Ck Palli,Sri Sathyasai,Sri Sathya Sai,Andhra Pradesh,Ganginepalle,exact,14.291496172441995,77.8040046353119
p1844,Timbaktu,Ganginepallithanda,Ck Palli,Sri Sathyasai,Sri Sathya Sai,Andhra Pradesh,,district-centroid,14.07714008041019,77.61672971149275
p1845,Timbaktu,Gg palli,Ck Palli,Sri Sathyasai,Sri Sathya Sai,Andhra Pradesh,,district-centroid,14.047860628661832,77.89286640007248
p1846,Timbaktu,Gollavandlapalli,Ck Palli,Sri Sathyasai,Sri Sathya Sai,Andhra Pradesh,,district-centroid,13.995865326902695,77.6484175931603
p1847,Timbaktu,Hariyancheruvu,Ck Palli,Sri Sathyasai,Sri Sathya Sai,Andhra Pradesh,,district-centroid,14.135036811499395,77.88806907003068
p1848,Timbaktu,Jinkalavanka,Ck Palli,Sri Sathyasai,Sri Sathya Sai,Andhra Pradesh,,district-centroid,14.004688106326366,77.87452336245049
p1849,Timbaktu,Kana,Ck Palli,Sri Sathyasai,Sri Sathya Sai,Andhra Pradesh,,district-centroid,14.196963938529679,77.67016449179569
p1850,Timbaktu,Kanumukkala,Ck Palli,Sri Sathyasai,Sri Sathya Sai,Andhra Pradesh,Kanumukkala,exact,14.295224895225141,77.74841101375483
p1851,Timbaktu,Kotampalli,Ck Palli,Sri Sathyasai,Sri Sathya Sai,Andhra Pradesh,Kotapalle,fuzzy,13.85956305451485,78.13325495748165
p1852,Timbaktu,Maruthipuram,Ck Palli,Sri Sathyasai,Sri Sathya Sai,Andhra Pradesh,,district-centroid,13.984637698587713,77.76635314772632
p1853,Timbaktu,Medapuram,Ck Palli,Sri Sathyasai,Sri Sathya Sai,Andhra Pradesh,Medapuram,exact,14.319100961206704,77.71400615426035
p1854,Timbaktu,Mustikovela,Ck Palli,Sri Sathyasai,Sri Sathya Sai,Andhra Pradesh,Mustikovila,fuzzy,14.224047108681301,77.52932493498257
p1855,Timbaktu,Nagasamudram,Ck Palli,Sri Sathyasai,Sri Sathya Sai,Andhra Pradesh,Nagasamudram,exact,14.312736732384376,77.65837119841105
p1856,Timbaktu,Nagisettypalli,Ck Palli,Sri Sathyasai,Sri Sathya Sai,Andhra Pradesh,,district-centroid,14.045210887397209,77.66408861537167
p1857,Timbaktu,Namala,Ck Palli,Sri Sathyasai,Sri Sathya Sai,Andhra Pradesh,,district-centroid,14.150657231915458,77.83319932821152
p1858,Timbaktu,Nrs palli,Ck Palli,Sri Sathyasai,Sri Sathya Sai,Andhra Pradesh,,district-centroid,14.182377214036082,77.74628338706295
p1859,Timbaktu,Ns gate,Ck Palli,Sri Sathyasai,Sri Sathya Sai,Andhra Pradesh,,district-centroid,13.99491974710908,77.79772317404381
p1860,Timbaktu,Nyamaddala,Ck Palli,Sri Sathyasai,Sri Sathya Sai,Andhra Pradesh,Nyamaddala,exact,14.263829014231991,77.58198557457555
p1861,Timbaktu,Obulampalli,Ck Palli,Sri Sathyasai,Sri Sathya Sai,Andhra Pradesh,,district-centroid,14.135393211055282,77.85486214769578
p1862,Timbaktu,Ontikonda,Ck Palli,Sri Sathyasai,Sri Sathya Sai,Andhra Pradesh,,district-centroid,14.066476430129526,77.64824199791047
p1863,Timbaktu,P.m. palli,Ck Palli,Sri Sathyasai,Sri Sathya Sai,Andhra Pradesh,,district-centroid,14.067776746844245,77.86635056815047
p1864,Timbaktu,P.v. palli,Ck Palli,Sri Sathyasai,Sri Sathya Sai,Andhra Pradesh,,district-centroid,14.134424482247265,77.65824803293704
p1865,Timbaktu,Pallenagaripalli,Ck Palli,Sri Sathyasai,Sri Sathya Sai,Andhra Pradesh,,district-centroid,14.00625883397118,77.83560034254344
p1866,Timbaktu,Prasannayapeta,Ck Palli,Sri Sathyasai,Sri Sathya Sai,Andhra Pradesh,,district-centroid,14.183433868398454,77.7066782233719
p1867,Timbaktu,Puletipalli,Ck Palli,Sri Sathyasai,Sri Sathya Sai,Andhra Pradesh,Poletipalle,fuzzy,14.267494810481596,77.68395564681211
p1868,Timbaktu,Pyadindi,Ck Palli,Sri Sathyasai,Sri Sathya Sai,Andhra Pradesh,Pyadindi,exact,14.358301465768166,77.68360810410908
p1869,Timbaktu,Pyalaboyalapalli,Ck Palli,Sri Sathyasai,Sri Sathya Sai,Andhra Pradesh,,district-centroid,13.985464033686306,77.7059753462625
p1870,Timbaktu,Subbarayanipalli,Ck Palli,Sri Sathyasai,Sri Sathya Sai,Andhra Pradesh,,district-centroid,14.00233877150244,77.75665939217832
p1871,Timbaktu,UP kottala,Ck Palli,Sri Sathyasai,Sri Sathya Sai,Andhra Pradesh,,district-centroid,14.162460253418367,77.73205799647003
p1872,Timbaktu,Veldurthy,Ck Palli,Sri Sathyasai,Sri Sathya Sai,Andhra Pradesh,,district-centroid,14.018277911714128,77.80502349328805
p1873,Timbaktu,Venkatampalli,Ck Palli,Sri Sathyasai,Sri Sathya Sai,Andhra Pradesh,,district-centroid,14.132383395208555,77.69117826532684
p1874,Timbaktu,Yarronipalli,Ck Palli,Sri Sathyasai,Sri Sathya Sai,Andhra Pradesh,,district-centroid,14.059821081073043,77.67786743376956
p1875,Timbaktu,Yerrampalli,Ck Palli,Sri Sathyasai,Sri Sathya Sai,Andhra Pradesh,,district-centroid,14.132483801513803,77.82461492634569
p1876,Timbaktu,Yg palli (Yerra ginnagaripalli),Ck Palli,Sri Sathyasai,Sri Sathya Sai,Andhra Pradesh,,district-centroid,14.018123052127596,77.70797615124224
p1877,Timbaktu,Bandamidapalli,Kothacheruvu,Sri Sathyasai,Sri Sathya Sai,Andhra Pradesh,,block-centroid,14.223431119318594,77.74976677876023
p1878,Timbaktu,Bandlapalli,Kothacheruvu,Sri Sathyasai,Sri Sathya Sai,Andhra Pradesh,Bandlapalle,fuzzy,14.124349458247906,77.69135168422505
p1879,Timbaktu,Bangaruchinnapalli,Kothacheruvu,Sri Sathyasai,Sri Sathya Sai,Andhra Pradesh,,block-centroid,14.18918301087295,77.76065486062755
p1880,Timbaktu,Bhairapuram Cross,Kothacheruvu,Sri Sathyasai,Sri Sathya Sai,Andhra Pradesh,,block-centroid,14.199532570907879,77.76064265339015
p1881,Timbaktu,Chennarajupalli,Kothacheruvu,Sri Sathyasai,Sri Sathya Sai,Andhra Pradesh,,block-centroid,14.211102882164015,77.72679507151669
p1882,Timbaktu,Errampalli,Kothacheruvu,Sri Sathyasai,Sri Sathya Sai,Andhra Pradesh,,block-centroid,14.210581404039326,77.75890272513814
p1883,Timbaktu,Eragampalli,Kothacheruvu,Sri Sathyasai,Sri Sathya Sai,Andhra Pradesh,Iragampalle,fuzzy,14.197125167440623,77.74349475111259
p1884,Timbaktu,Kadirepalli,Kothacheruvu,Sri Sathyasai,Sri Sathya Sai,Andhra Pradesh,Vadigepalle,fuzzy,13.92796786784514,77.66778500030166
p1885,Timbaktu,Kanisettipalli,Kothacheruvu,Sri Sathyasai,Sri Sathya Sai,Andhra Pradesh,Kanisettipalle,exact,14.22427321560834,77.78072704723152
p1886,Timbaktu,Kesapuram,Kothacheruvu,Sri Sathyasai,Sri Sathya Sai,Andhra Pradesh,Kesapuram,exact,14.261753264932631,77.76905852989803
p1887,Timbaktu,Kodavagaanipalli,Kothacheruvu,Sri Sathyasai,Sri Sathya Sai,Andhra Pradesh,Kodapaganipalle,fuzzy,14.242276027461235,77.75243393667378
p1888,Timbaktu,Kothacheruvu,Kothacheruvu,Sri Sathyasai,Sri Sathya Sai,Andhra Pradesh,Kothacheruvu,exact,14.19294689388381,77.77004382646857
p1889,Timbaktu,Kotthadevarapalli,Kothacheruvu,Sri Sathyasai,Sri Sathya Sai,Andhra Pradesh,,block-centroid,14.186936372360107,77.75079024074468
p1890,Timbaktu,Locherla,Kothacheruvu,Sri Sathyasai,Sri Sathya Sai,Andhra Pradesh,R.Locharla,exact,14.12111556186031,77.46330629155682
p1891,Timbaktu,Mallempalli,Kothacheruvu,Sri Sathyasai,Sri Sathya Sai,Andhra Pradesh,Mallepalle,fuzzy,14.365590219365417,78.12164540124672
p1892,Timbaktu,Mamillakunta cross,Kothacheruvu,Sri Sathyasai,Sri Sathya Sai,Andhra Pradesh,,block-centroid,14.20128611099777,77.78267757844569
p1893,Timbaktu,Marakuntapalli,Kothacheruvu,Sri Sathyasai,Sri Sathya Sai,Andhra Pradesh,Marakuntapalle,fuzzy,14.188335019901135,77.71151795982914
p1894,Timbaktu,Meerjapuram,Kothacheruvu,Sri Sathyasai,Sri Sathya Sai,Andhra Pradesh,Veerapuram,fuzzy,13.766798824083518,77.7129988436208
p1895,Timbaktu,Mylasamudram,Kothacheruvu,Sri Sathyasai,Sri Sathya Sai,Andhra Pradesh,Mylasamudram,exact,14.259055535429553,77.78866409998979
p1896,Timbaktu,Mylepalli,Kothacheruvu,Sri Sathyasai,Sri Sathya Sai,Andhra Pradesh,Mallepalle,fuzzy,14.365590219365417,78.12164540124672
p1897,Timbaktu,Nagireddypalli,Kothacheruvu,Sri Sathyasai,Sri Sathya Sai,Andhra Pradesh,,block-centroid,14.162920652291524,77.74186980878598
p1898,Timbaktu,Narepalli,Kothacheruvu,Sri Sathyasai,Sri Sathya Sai,Andhra Pradesh,Narepalle,exact,14.24461066722346,77.78134770644219
p1899,Timbaktu,Pathadevarapalli,Kothacheruvu,Sri Sathyasai,Sri Sathya Sai,Andhra Pradesh,,block-centroid,14.214287200411045,77.78057021071427
p1900,Timbaktu,Potulakunta,Kothacheruvu,Sri Sathyasai,Sri Sathya Sai,Andhra Pradesh,Pothulakunta,fuzzy,14.160731668915343,77.6930189537632
p1901,Timbaktu,Talamarla,Kothacheruvu,Sri Sathyasai,Sri Sathya Sai,Andhra Pradesh,Talamarla,exact,14.219452855057611,77.69601510899781
p1902,Timbaktu,Thippabatlapalli,Kothacheruvu,Sri Sathyasai,Sri Sathya Sai,Andhra Pradesh,Thippa Batlapalle,fuzzy,14.175760791689726,77.74370027002516
p1903,Timbaktu,Thirumaladevarapalli,Kothacheruvu,Sri Sathyasai,Sri Sathya Sai,Andhra Pradesh,Tirumaladevarapalle,fuzzy,14.227608757798166,77.76378235380919
p1904,Timbaktu,Vemaletipalli,Kothacheruvu,Sri Sathyasai,Sri Sathya Sai,Andhra Pradesh,Vemuletipalle,fuzzy,14.232330569882102,77.74112623243775
p1905,Timbaktu,Virupaapuram / Viruparuram,Kothacheruvu,Sri Sathyasai,Sri Sathya Sai,Andhra Pradesh,,block-centroid,14.217677847360351,77.73924951548133
p1906,Timbaktu,Bathalapalli,Puttaparti,Sri Sathyasai,Sri Sathya Sai,Andhra Pradesh,Bathalapalle,fuzzy,14.087747113194961,78.11843644639124
p1907,Timbaktu,Bonthalapalli,Puttaparti,Sri Sathyasai,Sri Sathya Sai,Andhra Pradesh,,district-centroid,14.121769967348353,77.713292841012
p1908,Timbaktu,Danduvaaripalli,Puttaparti,Sri Sathyasai,Sri Sathya Sai,Andhra Pradesh,Danduvaripalle,fuzzy,13.841436471650312,78.14669840714289
p1909,Timbaktu,Eeragarajupalli (eerrasupalli),Puttaparti,Sri Sathyasai,Sri Sathya Sai,Andhra Pradesh,,district-centroid,14.050035948757708,77.7990419586966
p1910,Timbaktu,Gajulapalli,Puttaparti,Sri Sathyasai,Sri Sathya Sai,Andhra Pradesh,Gowdanahalli,fuzzy,13.973706690161938,77.32520149043206
p1911,Timbaktu,Gangireddypalli,Puttaparti,Sri Sathyasai,Sri Sathya Sai,Andhra Pradesh,,district-centroid,13.983690981570165,77.81227872186955
p1912,Timbaktu,Jagarajupalli,Puttaparti,Sri Sathyasai,Sri Sathya Sai,Andhra Pradesh,Jagarajupalle,fuzzy,14.11271549064056,77.74637807031385
p1913,Timbaktu,Kappalabanda,Puttaparti,Sri Sathyasai,Sri Sathya Sai,Andhra Pradesh,Kappala Banda,exact-block,14.144465453325605,77.76262341765691
p1914,Timbaktu,Karnatakanagepalli,Puttaparti,Sri Sathyasai,Sri Sathya Sai,Andhra Pradesh,,district-centroid,14.188578598949679,77.80695758245812
p1915,Timbaktu,Kotlapalli,Puttaparti,Sri Sathyasai,Sri Sathya Sai,Andhra Pradesh,Kotlapalle,fuzzy,14.074419301750135,77.73765856748012
p1916,Timbaktu,Kottha nidimamidi,Puttaparti,Sri Sathyasai,Sri Sathya Sai,Andhra Pradesh,,district-centroid,14.139172214937386,77.85906022649205
p1917,Timbaktu,Kovelaguttapalli,Puttaparti,Sri Sathyasai,Sri Sathya Sai,Andhra Pradesh,,district-centroid,14.064188289451033,77.64308257195684
p1918,Timbaktu,Nidimamidi,Puttaparti,Sri Sathyasai,Sri Sathya Sai,Andhra Pradesh,Nidimamidi,exact,14.052127171593103,77.70878806963994
p1919,Timbaktu,Paipalli,Puttaparti,Sri Sathyasai,Sri Sathya Sai,Andhra Pradesh,,district-centroid,14.197409689270161,77.76995445708084
p1920,Timbaktu,Pedaballi,Puttaparti,Sri Sathyasai,Sri Sathya Sai,Andhra Pradesh,Pedaballi,exact,13.96858613224226,78.38709064947436
p1921,Timbaktu,Peddakammavaaru paali,Puttaparti,Sri Sathyasai,Sri Sathya Sai,Andhra Pradesh,,district-centroid,14.177648373664322,77.72244652403089
p1922,Timbaktu,Puttaparthi,Puttaparti,Sri Sathyasai,Sri Sathya Sai,Andhra Pradesh,Puttaparthi,exact,14.155607785343074,77.81263047654632
p1923,Timbaktu,Vengalammacheruvu,Puttaparti,Sri Sathyasai,Sri Sathya Sai,Andhra Pradesh,Vengalammacheruvu,exact,14.148589234324783,77.87118176668173
p1924,Timbaktu,Venkatagaripalli,Puttaparti,Sri Sathyasai,Sri Sathya Sai,Andhra Pradesh,,district-centroid,14.05036035504893,77.6627908124561
p1925,Timbaktu,Yenumulapalli,Puttaparti,Sri Sathyasai,Sri Sathya Sai,Andhra Pradesh,Yenumalapalle (CT),fuzzy,14.12817455147135,77.81758717876542
p1926,Timbaktu,Beedanapalli,Roddam,Sri Sathyasai,Sri Sathya Sai,Andhra Pradesh,,block-centroid,14.086252662483275,77.4244099779619
p1927,Timbaktu,Bokkasampalle,Roddam,Sri Sathyasai,Sri Sathya Sai,Andhra Pradesh,Bokkasampalle,exact,14.101712986768074,77.54570846168467
p1928,Timbaktu,Bommireddypalli,Roddam,Sri Sathyasai,Sri Sathya Sai,Andhra Pradesh,,block-centroid,14.100080330196487,77.43377511442009
p1929,Timbaktu,Bucherla,Roddam,Sri Sathyasai,Sri Sathya Sai,Andhra Pradesh,Bucharla,exact,14.143746961414138,77.45526715749432
p1930,Timbaktu,Budipalli,Roddam,Sri Sathyasai,Sri Sathya Sai,Andhra Pradesh,,block-centroid,14.079556006777803,77.41602185266804
p1931,Timbaktu,C.g. palli,Roddam,Sri Sathyasai,Sri Sathya Sai,Andhra Pradesh,,block-centroid,14.067305585025823,77.48240204423645
p1932,Timbaktu,Cherukuru,Roddam,Sri Sathyasai,Sri Sathya Sai,Andhra Pradesh,Cherukur,fuzzy,13.9948068030171,77.40332963129016
p1933,Timbaktu,Chinnakodipalli,Roddam,Sri Sathyasai,Sri Sathya Sai,Andhra Pradesh,,block-centroid,14.088528959403542,77.48285393981818
p1934,Timbaktu,Chinnamanthuru,Roddam,Sri Sathyasai,Sri Sathya Sai,Andhra Pradesh,Chinnamanthur,fuzzy,14.026816963733735,77.4255691318445
p1935,Timbaktu,Cholemarri,Roddam,Sri Sathyasai,Sri Sathya Sai,Andhra Pradesh,Cholemarri,exact,14.04381295943584,77.47334531438634
p1936,Timbaktu,Dandepalli,Roddam,Sri Sathyasai,Sri Sathya Sai,Andhra Pradesh,,block-centroid,14.04629836162794,77.46020092053514
p1937,Timbaktu,Dodagatta,Roddam,Sri Sathyasai,Sri Sathya Sai,Andhra Pradesh,Dodagatta,exact,14.032723970485739,77.36467520397352
p1938,Timbaktu,Dr kottala,Roddam,Sri Sathyasai,Sri Sathya Sai,Andhra Pradesh,,block-centroid,14.058527244568706,77.47735595815007
p1939,Timbaktu,Gobbirampalli,Roddam,Sri Sathyasai,Sri Sathya Sai,Andhra Pradesh,,block-centroid,14.106383712919397,77.43057837776253
p1940,Timbaktu,Gonimekalapalli,Roddam,Sri Sathyasai,Sri Sathya Sai,Andhra Pradesh,,block-centroid,14.056751144368148,77.47145509407564
p1941,Timbaktu,Gowrajupalli,Roddam,Sri Sathyasai,Sri Sathya Sai,Andhra Pradesh,,block-centroid,14.092965860079673,77.42314758367566
p1942,Timbaktu,Jakkalacheruvu,Roddam,Sri Sathyasai,Sri Sathya Sai,Andhra Pradesh,Jakkalacheruvu,exact,14.162374682219511,77.46450232851987
p1943,Timbaktu,Kalipi,Roddam,Sri Sathyasai,Sri Sathya Sai,Andhra Pradesh,Kalipi,exact,13.981723057780066,77.45675539173047
p1944,Timbaktu,Kallukunta,Roddam,Sri Sathyasai,Sri Sathya Sai,Andhra Pradesh,,block-centroid,14.092290693926003,77.47737967982216
p1945,Timbaktu,Kambalapalli,Roddam,Sri Sathyasai,Sri Sathya Sai,Andhra Pradesh,,block-centroid,14.057387221098,77.42852991013767
p1946,Timbaktu,Kanchisamudram,Roddam,Sri Sathyasai,Sri Sathya Sai,Andhra Pradesh,Kanchisamudram,exact,13.777831439524041,77.61808645037311
p1947,Timbaktu,Kandukurlapalli,Roddam,Sri Sathyasai,Sri Sathya Sai,Andhra Pradesh,,block-centroid,14.048806306288778,77.44531903870605
p1948,Timbaktu,Kanumara,Roddam,Sri Sathyasai,Sri Sathya Sai,Andhra Pradesh,,block-centroid,14.084459854379578,77.41979532076348
p1949,Timbaktu,Kogira,Roddam,Sri Sathyasai,Sri Sathya Sai,Andhra Pradesh,Kogira,exact,14.144703952855439,77.52215891752112
p1950,Timbaktu,Kothagoberampalli,Roddam,Sri Sathyasai,Sri Sathya Sai,Andhra Pradesh,,block-centroid,14.07872158440126,77.45016425649814
p1951,Timbaktu,Kotthuru,Roddam,Sri Sathyasai,Sri Sathya Sai,Andhra Pradesh,,block-centroid,14.076939811976748,77.45032327545063
p1952,Timbaktu,Kurlapalli,Roddam,Sri Sathyasai,Sri Sathya Sai,Andhra Pradesh,,block-centroid,14.081186567352145,77.45073334265317
p1953,Timbaktu,L thimmapuram,Roddam,Sri Sathyasai,Sri Sathya Sai,Andhra Pradesh,,block-centroid,14.076299695353148,77.44870327961993
p1954,Timbaktu,Lakkasanipalli,Roddam,Sri Sathyasai,Sri Sathya Sai,Andhra Pradesh,,block-centroid,14.078197899607732,77.44482330581151
p1955,Timbaktu,Lgb nagar,Roddam,Sri Sathyasai,Sri Sathya Sai,Andhra Pradesh,,block-centroid,14.077497217051395,77.45568702071478
p1956,Timbaktu,R. Locherla,Roddam,Sri Sathyasai,Sri Sathya Sai,Andhra Pradesh,R.Locharla,fuzzy,14.12111556186031,77.46330629155682
p1957,Timbaktu,M kothapalli,Roddam,Sri Sathyasai,Sri Sathya Sai,Andhra Pradesh,,block-centroid,14.074164190521307,77.45416802485096
p1958,Timbaktu,Maruvapalli.k,Roddam,Sri Sathyasai,Sri Sathya Sai,Andhra Pradesh,,block-centroid,14.076331840988917,77.45404872897497
p1959,Timbaktu,Maruvapalli.r.,Roddam,Sri Sathyasai,Sri Sathya Sai,Andhra Pradesh,,block-centroid,14.08245788090273,77.44699564663685
p1960,Timbaktu,Moparlapalli,Roddam,Sri Sathyasai,Sri Sathya Sai,Andhra Pradesh,,block-centroid,14.06609928383926,77.41371322731483
p1961,Timbaktu,Nagireddipalli,Roddam,Sri Sathyasai,Sri Sathya Sai,Andhra Pradesh,Nagareddipalle,fuzzy,14.232702714496696,78.07345315952644
p1962,Timbaktu,Nalluru,Roddam,Sri Sathyasai,Sri Sathya Sai,Andhra Pradesh,Nallur,exact,14.049323822611148,77.43191100511436
p1963,Timbaktu,Naranagepalli,Roddam,Sri Sathyasai,Sri Sathya Sai,Andhra Pradesh,Naranagepalle,fuzzy,14.1562445523188,77.42044423491467
p1964,Timbaktu,P.kothapalli,Roddam,Sri Sathyasai,Sri Sathya Sai,Andhra Pradesh,,block-centroid,14.040284792754576,77.45117075930958
p1965,Timbaktu,Patharlapalli,Roddam,Sri Sathyasai,Sri Sathya Sai,Andhra Pradesh,,block-centroid,14.114904440215419,77.43728012109324
p1966,Timbaktu,Peddaguvvalapalli,Roddam,Sri Sathyasai,Sri Sathya Sai,Andhra Pradesh,,block-centroid,14.047058897110745,77.42823997239255
p1967,Timbaktu,Peddamanthuru,Roddam,Sri Sathyasai,Sri Sathya Sai,Andhra Pradesh,Peddamanthur,fuzzy,14.01065127324757,77.43159938673256
p1968,Timbaktu,Peddhakodipalli,Roddam,Sri Sathyasai,Sri Sathya Sai,Andhra Pradesh,,block-centroid,14.068099310947389,77.4869659861677
p1969,Timbaktu,Peddipalli,Roddam,Sri Sathyasai,Sri Sathya Sai,Andhra Pradesh,Peddipalle,fuzzy,14.0705409697076,77.51695201884552
p1970,Timbaktu,R.kottala,Roddam,Sri Sathyasai,Sri Sathya Sai,Andhra Pradesh,,block-centroid,14.077982529889702,77.47368135237389
p1971,Timbaktu,R.l kotturu,Roddam,Sri Sathyasai,Sri Sathya Sai,Andhra Pradesh,,block-centroid,14.086753387874426,77.42797664434703
p1972,Timbaktu,Rachuru,Roddam,Sri Sathyasai,Sri Sathya Sai,Andhra Pradesh,,block-centroid,14.091956773027398,77.46949376197631
p1973,Timbaktu,Ragimekalapalli,Roddam,Sri Sathyasai,Sri Sathya Sai,Andhra Pradesh,Ragimakulapalle,fuzzy,13.965898904289617,77.6982059662747
p1974,Timbaktu,Rangapuram,Roddam,Sri Sathyasai,Sri Sathya Sai,Andhra Pradesh,,block-centroid,14.055886385592082,77.45662596643788
p1975,Timbaktu,Reddypalli,Roddam,Sri Sathyasai,Sri Sathya Sai,Andhra Pradesh,Reddipalle,fuzzy,14.051259049199185,77.37145348084174
p1976,Timbaktu,Roddakambapalli,Roddam,Sri Sathyasai,Sri Sathya Sai,Andhra Pradesh,,block-centroid,14.06417320281606,77.46878533577006
p1977,Timbaktu,Roddam,Roddam,Sri Sathyasai,Sri Sathya Sai,Andhra Pradesh,Roddam,exact,14.086202286746571,77.42930399073045
p1978,Timbaktu,Roppala,Roddam,Sri Sathyasai,Sri Sathya Sai,Andhra Pradesh,,block-centroid,14.092612956126555,77.43172978358488
p1979,Timbaktu,Sanipalli,Roddam,Sri Sathyasai,Sri Sathya Sai,Andhra Pradesh,Sanipalle,fuzzy,14.053984183469144,77.51920784566839
p1980,Timbaktu,Sbr kottala,Roddam,Sri Sathyasai,Sri Sathya Sai,Andhra Pradesh,,block-centroid,14.097604807689004,77.4554010377868
p1981,Timbaktu,Seshapuram,Roddam,Sri Sathyasai,Sri Sathya Sai,Andhra Pradesh,Kesapuram,fuzzy,14.261753264932631,77.76905852989803
p1982,Timbaktu,Shyapuram,Roddam,Sri Sathyasai,Sri Sathya Sai,Andhra Pradesh,,block-centroid,14.096937540560681,77.44328102025361
p1983,Timbaktu,Thadangipalle,Roddam,Sri Sathyasai,Sri Sathya Sai,Andhra Pradesh,,block-centroid,14.063577541685751,77.46234037945378
p1984,Timbaktu,Thurakalapatnam,Roddam,Sri Sathyasai,Sri Sathya Sai,Andhra Pradesh,Thurakalapatnam,exact,14.094712907030585,77.50909250389721
p1985,Timbaktu,Upparapalli,Roddam,Sri Sathyasai,Sri Sathya Sai,Andhra Pradesh,Upparlahalli,fuzzy,13.887369614199526,77.30835903811793
p1986,Timbaktu,Yt reddypalli,Roddam,Sri Sathyasai,Sri Sathya Sai,Andhra Pradesh,,block-centroid,14.090942394831044,77.4656384864447
p1987,Timbaktu,Anandhapalyam,Parigi,Sri Sathyasai,Sri Sathya Sai,Andhra Pradesh,,block-centroid,13.890585718355855,77.45960165488266
p1988,Timbaktu,Basanapalli,Parigi,Sri Sathyasai,Sri Sathya Sai,Andhra Pradesh,,block-centroid,13.888033390829536,77.47727319672663
p1989,Timbaktu,Bechuganipalli,Parigi,Sri Sathyasai,Sri Sathya Sai,Andhra Pradesh,,block-centroid,13.922810116185072,77.4582083278709
p1990,Timbaktu,Beerepalli,Parigi,Sri Sathyasai,Sri Sathya Sai,Andhra Pradesh,Shobeerepalle,fuzzy,13.923452627864991,77.43594445547282
p1991,Timbaktu,Bhoreddypalli,Parigi,Sri Sathyasai,Sri Sathya Sai,Andhra Pradesh,,block-centroid,13.92615798581758,77.49738389635662
p1992,Timbaktu,Bindhu nagar,Parigi,Sri Sathyasai,Sri Sathya Sai,Andhra Pradesh,,block-centroid,13.897089892629308,77.43894613665286
p1993,Timbaktu,Cherlopalli,Parigi,Sri Sathyasai,Sri Sathya Sai,Andhra Pradesh,Vengalammacheruvu,exact-block,14.148589234324783,77.87118176668173
p1994,Timbaktu,Chinnapalli,Parigi,Sri Sathyasai,Sri Sathya Sai,Andhra Pradesh,,block-centroid,13.917659897841588,77.43910557581626
p1995,Timbaktu,Dhanapuram,Parigi,Sri Sathyasai,Sri Sathya Sai,Andhra Pradesh, ,fuzzy,14.333681210498192,77.95879430167082
p1996,Timbaktu,Ganapathipalli,Parigi,Sri Sathyasai,Sri Sathya Sai,Andhra Pradesh,Ganapathipalle,fuzzy,13.959778615796253,77.46812355874086
p1997,Timbaktu,Gollapalli,Parigi,Sri Sathyasai,Sri Sathya Sai,Andhra Pradesh,,block-centroid,13.875160850058338,77.4801569726243
p1998,Timbaktu,Gorripalli,Parigi,Sri Sathyasai,Sri Sathya Sai,Andhra Pradesh,,block-centroid,13.94026678695753,77.47118831503971
p1999,Timbaktu,Honnampalli,Parigi,Sri Sathyasai,Sri Sathya Sai,Andhra Pradesh,,block-centroid,13.875525478382189,77.45947734038607
p2000,Timbaktu,Jangalapalli,Parigi,Sri Sathyasai,Sri Sathya Sai,Andhra Pradesh,,block-centroid,13.901514069750581,77.49733445943188
p2001,Timbaktu,K.narasapuram,Parigi,Sri Sathyasai,Sri Sathya Sai,Andhra Pradesh,Narasapuram,fuzzy,13.937612980545968,77.43004218478224
p2002,Timbaktu,Kaluvapalli,Parigi,Sri Sathyasai,Sri Sathya Sai,Andhra Pradesh,,block-centroid,13.918385584653686,77.49529839166556
p2003,Timbaktu,Kodigepalli,Parigi,Sri Sathyasai,Sri Sathya Sai,Andhra Pradesh,Vadigepalle,fuzzy,13.92796786784514,77.66778500030166
p2004,Timbaktu,Konapuram,Parigi,Sri Sathyasai,Sri Sathya Sai,Andhra Pradesh,Kondapuram,fuzzy,14.302558100169895,77.36499959713124
p2005,Timbaktu,Moda,Parigi,Sri Sathyasai,Sri Sathya Sai,Andhra Pradesh,Moda,exact,13.824013453515098,77.44339281080845
p2006,Timbaktu,Molla mothuka palli,Parigi,Sri Sathyasai,Sri Sathya Sai,Andhra Pradesh,,block-centroid,13.879891106735293,77.46892928785475
p2007,Timbaktu,Mudhireddypalli,Parigi,Sri Sathyasai,Sri Sathya Sai,Andhra Pradesh,,block-centroid,13.933147620061709,77.46357597284629
p2008,Timbaktu,N.kotthapalli,Parigi,Sri Sathyasai,Sri Sathya Sai,Andhra Pradesh,,block-centroid,13.884296377746955,77.48516270493776
p2009,Timbaktu,Nethalapalli,Parigi,Sri Sathyasai,Sri Sathya Sai,Andhra Pradesh,,block-centroid,13.923955433757898,77.44952241633005
p2010,Timbaktu,P.narasapuram,Parigi,Sri Sathyasai,Sri Sathya Sai,Andhra Pradesh,Narasapuram,fuzzy,13.937612980545968,77.43004218478224
p2011,Timbaktu,Paideti,Parigi,Sri Sathyasai,Sri Sathya Sai,Andhra Pradesh,Pydeti,exact,13.942077513652315,77.45303829307181
p2012,Timbaktu,Parigi,Parigi,Sri Sathyasai,Sri Sathya Sai,Andhra Pradesh,Parigi,exact,13.883655551758107,77.45117531302385
p2013,Timbaktu,Pathraganipalli,Parigi,Sri Sathyasai,Sri Sathya Sai,Andhra Pradesh,,block-centroid,13.868797513544317,77.4726922862215
p2014,Timbaktu,Peddireddypalli,Parigi,Sri Sathyasai,Sri Sathya Sai,Andhra Pradesh,,block-centroid,13.925750430878542,77.50354091939083
p2015,Timbaktu,Puttagurlapalli,Parigi,Sri Sathyasai,Sri Sathya Sai,Andhra Pradesh,,block-centroid,13.899393166556672,77.43322288983983
p2016,Timbaktu,Sasanakota,Parigi,Sri Sathyasai,Sri Sathya Sai,Andhra Pradesh,Sasanakota,exact,13.877322729779397,77.49738837811591
p2017,Timbaktu,Seegupalli,Parigi,Sri Sathyasai,Sri Sathya Sai,Andhra Pradesh,Seegipalle,fuzzy,13.951739945930681,77.48495833406993
p2018,Timbaktu,Seerekolam,Parigi,Sri Sathyasai,Sri Sathya Sai,Andhra Pradesh,Sirekolam,fuzzy,13.892826953482295,77.4257721649757
p2019,Timbaktu,Sevamandeer,Parigi,Sri Sathyasai,Sri Sathya Sai,Andhra Pradesh,,block-centroid,13.86928491755799,77.46646300575094
p2020,Timbaktu,Sreerangarajupalli,Parigi,Sri Sathyasai,Sri Sathya Sai,Andhra Pradesh,,block-centroid,13.941899465572456,77.46884398558146
p2021,Timbaktu,Subbarayanapalli,Parigi,Sri Sathyasai,Sri Sathya Sai,Andhra Pradesh,,block-centroid,13.874312680306277,77.48289837973125
p2022,Timbaktu,Thirumaladevarapalli,Parigi,Sri Sathyasai,Sri Sathya Sai,Andhra Pradesh,Tirumaladevarapalle,fuzzy,14.227608757798166,77.76378235380919
p2023,Timbaktu,Utukuru,Parigi,Sri Sathyasai,Sri Sathya Sai,Andhra Pradesh,Muthukur,fuzzy,13.946545718767865,77.07317902490513
p2024,Timbaktu,Vangalapalli,Parigi,Sri Sathyasai,Sri Sathya Sai,Andhra Pradesh,,block-centroid,13.915930162329861,77.43683664497424
p2025,Timbaktu,Vittapalli,Parigi,Sri Sathyasai,Sri Sathya Sai,Andhra Pradesh,Vittapalle,exact,13.935399430712577,77.46677946250439
p2026,Timbaktu,Yarragunta,Parigi,Sri Sathyasai,Sri Sathya Sai,Andhra Pradesh,Yerragunta,fuzzy,13.909406339044256,77.47701625764438
p2027,Timbaktu,Adadhakulapalli,Penukonda,Sri Sathyasai,Sri Sathya Sai,Andhra Pradesh,Adadakulapalle,fuzzy,14.047801175432255,77.55643177845775
p2028,Timbaktu,Ammavarupalli,Penukonda,Sri Sathyasai,Sri Sathya Sai,Andhra Pradesh,Kammavaripalle,fuzzy,14.005530712256494,77.791168953123
p2029,Timbaktu,Bandapalli,Penukonda,Sri Sathyasai,Sri Sathya Sai,Andhra Pradesh,Bandlapalle,fuzzy,14.213575037604167,78.26188195214057
p2030,Timbaktu,Bojjireddypalli,Penukonda,Sri Sathyasai,Sri Sathya Sai,Andhra Pradesh,Bojjireddipalle,fuzzy,14.09830890050633,77.69468775223987
p2031,Timbaktu,Chandragiri,Penukonda,Sri Sathyasai,Sri Sathya Sai,Andhra Pradesh,,block-centroid,14.1112769850546,77.61440089967009
p2032,Timbaktu,Cherlopalli,Penukonda,Sri Sathyasai,Sri Sathya Sai,Andhra Pradesh,Vengalammacheruvu,exact-block,14.148589234324783,77.87118176668173
p2033,Timbaktu,Chinapareddypalli,Penukonda,Sri Sathyasai,Sri Sathya Sai,Andhra Pradesh,,block-centroid,14.111459935128568,77.61272698710584
p2034,Timbaktu,Duddebanda,Penukonda,Sri Sathyasai,Sri Sathya Sai,Andhra Pradesh,Duddebanda,exact,14.193205661668744,77.58311915322676
p2035,Timbaktu,Gollapalli,Penukonda,Sri Sathyasai,Sri Sathya Sai,Andhra Pradesh,,block-centroid,14.107088218185662,77.6145906581333
p2036,Timbaktu,Gondipalli,Penukonda,Sri Sathyasai,Sri Sathya Sai,Andhra Pradesh,Gondipalle,fuzzy,14.15458205109726,77.57997639968855
p2037,Timbaktu,Gonipeta,Penukonda,Sri Sathyasai,Sri Sathya Sai,Andhra Pradesh,Gonipeta,exact,14.051725365712034,77.65507062395218
p2038,Timbaktu,Guttur,Penukonda,Sri Sathyasai,Sri Sathya Sai,Andhra Pradesh,Gutturu,fuzzy,14.202922501621757,77.6184263648457
p2039,Timbaktu,Hanumappapalli,Penukonda,Sri Sathyasai,Sri Sathya Sai,Andhra Pradesh,,block-centroid,14.106119808426921,77.60905615950003
p2040,Timbaktu,Haripuram,Penukonda,Sri Sathyasai,Sri Sathya Sai,Andhra Pradesh,,block-centroid,14.108697749800042,77.61065532022357
p2041,Timbaktu,Islapuram,Penukonda,Sri Sathyasai,Sri Sathya Sai,Andhra Pradesh,,block-centroid,14.11208206135701,77.61265455172526
p2042,Timbaktu,Konapuram,Penukonda,Sri Sathyasai,Sri Sathya Sai,Andhra Pradesh,Kondapuram,fuzzy,14.302558100169895,77.36499959713124
p2043,Timbaktu,Kondampalli,Penukonda,Sri Sathyasai,Sri Sathya Sai,Andhra Pradesh,Kondampalle,fuzzy,14.114886743012207,77.65010026576321
p2044,Timbaktu,Kondapuram,Penukonda,Sri Sathyasai,Sri Sathya Sai,Andhra Pradesh,Kondapuram,exact,14.302558100169895,77.36499959713124
p2045,Timbaktu,Kurabavandlapalli,Penukonda,Sri Sathyasai,Sri Sathya Sai,Andhra Pradesh,,block-centroid,14.110220344345366,77.61559796388921
p2046,Timbaktu,Mahadevapalli,Penukonda,Sri Sathyasai,Sri Sathya Sai,Andhra Pradesh,,block-centroid,14.109600443455822,77.60903375071423
p2047,Timbaktu,shee farm,Penukonda,Sri Sathyasai,Sri Sathya Sai,Andhra Pradesh,,block-centroid,14.11195632982853,77.61439188513194
p2048,Timbaktu,Makkajipalli,Penukonda,Sri Sathyasai,Sri Sathya Sai,Andhra Pradesh,,block-centroid,14.115457794154507,77.61233404214315
p2049,Timbaktu,Mangapuram,Penukonda,Sri Sathyasai,Sri Sathya Sai,Andhra Pradesh,,block-centroid,14.105827551427163,77.61321816819812
p2050,Timbaktu,Maruvapalli,Penukonda,Sri Sathyasai,Sri Sathya Sai,Andhra Pradesh,,block-centroid,14.123509855746681,77.63435743439409
p2051,Timbaktu,Mavatur,Penukonda,Sri Sathyasai,Sri Sathya Sai,Andhra Pradesh,Mavaturu,fuzzy,14.036593374429236,77.51294864967315
p2052,Timbaktu,Motuvaripalli,Penukonda,Sri Sathyasai,Sri Sathya Sai,Andhra Pradesh,,block-centroid,14.107781678600444,77.63787674629218
p2053,Timbaktu,Munimadugu,Penukonda,Sri Sathyasai,Sri Sathya Sai,Andhra Pradesh,Munimadugu,exact,14.18773475993815,77.64811016735017
p2054,Timbaktu,Nagaluru,Penukonda,Sri Sathyasai,Sri Sathya Sai,Andhra Pradesh,Nagalur,exact,14.018572526439254,77.52716596151909
p2055,Timbaktu,Parameswaripuram,Penukonda,Sri Sathyasai,Sri Sathya Sai,Andhra Pradesh,,block-centroid,14.133066616563932,77.59899563845025
p2056,Timbaktu,Penukonda,Penukonda,Sri Sathyasai,Sri Sathya Sai,Andhra Pradesh,Penukonda,exact,14.076139537423318,77.60142334111703
p2057,Timbaktu,Rampuram,Penukonda,Sri Sathyasai,Sri Sathya Sai,Andhra Pradesh,Rampuram,exact,14.106145765992872,77.62430653397175
p2058,Timbaktu,Sattarpalli,Penukonda,Sri Sathyasai,Sri Sathya Sai,Andhra Pradesh,,block-centroid,14.086465091933492,77.60116436073936
p2059,Timbaktu,Settipalli,Penukonda,Sri Sathyasai,Sri Sathya Sai,Andhra Pradesh,Settipalle,fuzzy,14.081107260725892,77.67582476480777
p2060,Timbaktu,Suddbatlapalli,Penukonda,Sri Sathyasai,Sri Sathya Sai,Andhra Pradesh,,block-centroid,14.096399573203566,77.61278380516802
p2061,Timbaktu,Thimapuram,Penukonda,Sri Sathyasai,Sri Sathya Sai,Andhra Pradesh,,block-centroid,14.12343345531175,77.60697275696472
p2062,Timbaktu,Venkata reddi palli,Penukonda,Sri Sathyasai,Sri Sathya Sai,Andhra Pradesh,,block-centroid,14.098466054501408,77.60424057104969
p2063,Timbaktu,Venkatagaripalyam,Penukonda,Sri Sathyasai,Sri Sathya Sai,Andhra Pradesh,,block-centroid,14.124067841192534,77.61568541228857
p2064,Timbaktu,Bhamhasamudhram,Somandapalli,Sri Sathyasai,Sri Sathya Sai,Andhra Pradesh,,district-centroid,14.06537895381393,77.70649769922618
p2065,Timbaktu,Bramhanapalli- Smd,Somandapalli,Sri Sathyasai,Sri Sathya Sai,Andhra Pradesh,,district-centroid,14.118123118133536,77.79891323451223
p2066,Timbaktu,Bussayyagaripalli,Somandapalli,Sri Sathyasai,Sri Sathya Sai,Andhra Pradesh,,district-centroid,14.099114969591815,77.70437537342451
p2067,Timbaktu,Chakarlapalli,Somandapalli,Sri Sathyasai,Sri Sathya Sai,Andhra Pradesh,,district-centroid,14.08695882561212,77.81132456504074
p2068,Timbaktu,Chalakuru,Somandapalli,Sri Sathyasai,Sri Sathya Sai,Andhra Pradesh,Chalakur,exact,13.94371992362478,77.57308423477257
p2069,Timbaktu,Challapalli,Somandapalli,Sri Sathyasai,Sri Sathya Sai,Andhra Pradesh,Challapalle,fuzzy,13.996806736266837,77.54812978707503
p2070,Timbaktu,Chennapuram,Somandapalli,Sri Sathyasai,Sri Sathya Sai,Andhra Pradesh,Chennapuram,exact,14.021173312637314,77.56431761095551
p2071,Timbaktu,Chinababaihpalli,Somandapalli,Sri Sathyasai,Sri Sathya Sai,Andhra Pradesh,,district-centroid,13.993164058474084,77.69097624980174
p2072,Timbaktu,Edulabalapuram,Somandapalli,Sri Sathyasai,Sri Sathya Sai,Andhra Pradesh,Edulabalapuram,exact,13.974375687886583,77.56393275079633
p2073,Timbaktu,Guddamnagepalli,Somandapalli,Sri Sathyasai,Sri Sathya Sai,Andhra Pradesh,,district-centroid,13.972047581474097,77.75767835457808
p2074,Timbaktu,Gudipalli,Somandapalli,Sri Sathyasai,Sri Sathya Sai,Andhra Pradesh,Gudipalle,fuzzy,13.986741704391077,77.64750970770496
p2075,Timbaktu,Julukunta,Somandapalli,Sri Sathyasai,Sri Sathya Sai,Andhra Pradesh,Julukunta,exact,13.97807892624385,77.53603143640865
p2076,Timbaktu,Kadirepalli,Somandapalli,Sri Sathyasai,Sri Sathya Sai,Andhra Pradesh,Vadigepalle,fuzzy,13.92796786784514,77.66778500030166
p2077,Timbaktu,Kethaganicheruvu,Somandapalli,Sri Sathyasai,Sri Sathya Sai,Andhra Pradesh,Kethaganicheruvu,exact,13.93701471547997,77.54772931897779
p2078,Timbaktu,Kolimipalli,Somandapalli,Sri Sathyasai,Sri Sathya Sai,Andhra Pradesh,,district-centroid,13.975863405482666,77.79113297110933
p2079,Timbaktu,Kollakunta,Somandapalli,Sri Sathyasai,Sri Sathya Sai,Andhra Pradesh,,district-centroid,14.198526984969778,77.75848279076523
p2080,Timbaktu,Konathattupalli,Somandapalli,Sri Sathyasai,Sri Sathya Sai,Andhra Pradesh,,district-centroid,14.00054425315353,77.77264911244457
p2081,Timbaktu,Kothapalli,Somandapalli,Sri Sathyasai,Sri Sathya Sai,Andhra Pradesh,Kothapalle,fuzzy,14.017025723862474,77.5890674052852
p2082,Timbaktu,Kukatimanipalli,Somandapalli,Sri Sathyasai,Sri Sathya Sai,Andhra Pradesh,,district-centroid,14.026302411959366,77.8188431367557
p2083,Timbaktu,Mageycheruvu,Somandapalli,Sri Sathyasai,Sri Sathya Sai,Andhra Pradesh,Magecheruvu,fuzzy,14.005122739793723,77.56969330980587
p2084,Timbaktu,Manchepalli,Somandapalli,Sri Sathyasai,Sri Sathya Sai,Andhra Pradesh,,district-centroid,14.07405737379078,77.84089610055369
p2085,Timbaktu,Mandli,Somandapalli,Sri Sathyasai,Sri Sathya Sai,Andhra Pradesh,Mandli,exact,13.978882060641215,77.5115953725244
p2086,Timbaktu,Maravakuntapalli,Somandapalli,Sri Sathyasai,Sri Sathya Sai,Andhra Pradesh,,district-centroid,14.125374246255449,77.83053323154775
p2087,Timbaktu,Mekalapalli,Somandapalli,Sri Sathyasai,Sri Sathya Sai,Andhra Pradesh,,district-centroid,14.02292170896747,77.70007112504753
p2088,Timbaktu,Mudhapukunta,Somandapalli,Sri Sathyasai,Sri Sathya Sai,Andhra Pradesh,,district-centroid,14.14522202308029,77.69486133227177
p2089,Timbaktu,Nadimipalli,Somandapalli,Sri Sathyasai,Sri Sathya Sai,Andhra Pradesh,Nadimpalle,fuzzy,13.910159268949906,77.56273245890645
p2090,Timbaktu,Naginayanicheruvu,Somandapalli,Sri Sathyasai,Sri Sathya Sai,Andhra Pradesh,Naginayanicheruvu,exact,14.027542845392798,77.6544124031425
p2091,Timbaktu,Nakkalagutta,Somandapalli,Sri Sathyasai,Sri Sathya Sai,Andhra Pradesh,,district-centroid,13.9691983719847,77.69448805051469
p2092,Timbaktu,Nalgondrayanipalli,Somandapalli,Sri Sathyasai,Sri Sathya Sai,Andhra Pradesh,,district-centroid,14.174757206560484,77.85253808967063
p2093,Timbaktu,Obuladevarapalli,Somandapalli,Sri Sathyasai,Sri Sathya Sai,Andhra Pradesh,,district-centroid,14.028318378864371,77.6382448329924
p2094,Timbaktu,Pandiparthi,Somandapalli,Sri Sathyasai,Sri Sathya Sai,Andhra Pradesh,Pandiparthi,exact,13.969123347298861,77.59875252885867
p2095,Timbaktu,Pappireddypalli,Somandapalli,Sri Sathyasai,Sri Sathya Sai,Andhra Pradesh,,district-centroid,13.99033375460285,77.84770395178563
p2096,Timbaktu,Pathikuntapalli,Somandapalli,Sri Sathyasai,Sri Sathya Sai,Andhra Pradesh,,district-centroid,14.202227985166868,77.70017571912594
p2097,Timbaktu,Peddireddypalli,Somandapalli,Sri Sathyasai,Sri Sathya Sai,Andhra Pradesh,,district-centroid,13.954737761929307,77.77463357652267
p2098,Timbaktu,Polepalli-somandepalli,Somandapalli,Sri Sathyasai,Sri Sathya Sai,Andhra Pradesh,,district-centroid,13.964545677791126,77.81251441388363
p2099,Timbaktu,Rangepalli,Somandapalli,Sri Sathyasai,Sri Sathya Sai,Andhra Pradesh,,district-centroid,14.215898924148382,77.74165327800905
p2100,Timbaktu,Renukanagar,Somandapalli,Sri Sathyasai,Sri Sathya Sai,Andhra Pradesh,,district-centroid,13.966222385285995,77.75171879577344
p2101,Timbaktu,Rookalapalli,Somandapalli,Sri Sathyasai,Sri Sathya Sai,Andhra Pradesh,,district-centroid,14.195337265421227,77.79897298358301
p2102,Timbaktu,Somandepalli,Somandapalli,Sri Sathyasai,Sri Sathya Sai,Andhra Pradesh,Somandepalle (CT),fuzzy,14.00989369333916,77.6160498661785
p2103,Timbaktu,Suddakuntapalli,Somandapalli,Sri Sathyasai,Sri Sathya Sai,Andhra Pradesh,,district-centroid,14.198402284476286,77.72550057011613
p2104,Timbaktu,Thimmapura,Somandapalli,Sri Sathyasai,Sri Sathya Sai,Andhra Pradesh,,district-centroid,14.043811606560883,77.86766659242566
p2105,Timbaktu,Thungodu,Somandapalli,Sri Sathyasai,Sri Sathya Sai,Andhra Pradesh,Tungodu,fuzzy,13.953181614773396,77.63723448197514
p2106,Timbaktu,Velidadakala,Somandapalli,Sri Sathyasai,Sri Sathya Sai,Andhra Pradesh,Velidadakala,exact,13.930037142639911,77.62339949844655
p2107,Timbaktu,Velugu mekalapalli,Somandapalli,Sri Sathyasai,Sri Sathya Sai,Andhra Pradesh,,district-centroid,14.088806534773788,77.63953566993312
p2108,Timbaktu,Akkampalli,Ramagiri,Sri Sathyasai,Sri Sathya Sai,Andhra Pradesh,,block-centroid,14.35192801403976,77.46331043513004
p2109,Timbaktu,Cherlopalli,Ramagiri,Sri Sathyasai,Sri Sathya Sai,Andhra Pradesh,Vengalammacheruvu,exact-block,14.148589234324783,77.87118176668173
p2110,Timbaktu,Chinnakondapuram,Ramagiri,Sri Sathyasai,Sri Sathya Sai,Andhra Pradesh,,block-centroid,14.341321049211189,77.47511077143031
p2111,Timbaktu,Dubbarlapalli,Ramagiri,Sri Sathyasai,Sri Sathya Sai,Andhra Pradesh,,block-centroid,14.311377659170821,77.49058220959053
p2112,Timbaktu,Edugurralapalli,Ramagiri,Sri Sathyasai,Sri Sathya Sai,Andhra Pradesh,,block-centroid,14.341491088145458,77.48578585757977
p2113,Timbaktu,Gadikunta,Ramagiri,Sri Sathyasai,Sri Sathya Sai,Andhra Pradesh,,block-centroid,14.307917066430706,77.48054351475578
p2114,Timbaktu,Gangampalli,Ramagiri,Sri Sathyasai,Sri Sathya Sai,Andhra Pradesh,Gangampalle,fuzzy,14.056094945505487,77.81365156934677
p2115,Timbaktu,Gangampallithanda,Ramagiri,Sri Sathyasai,Sri Sathya Sai,Andhra Pradesh,,block-centroid,14.311043793976813,77.47028931735942
p2116,Timbaktu,Ganthimarri,Ramagiri,Sri Sathyasai,Sri Sathya Sai,Andhra Pradesh,Ganthimarri,exact,14.36366510044312,77.58902022232469
p2117,Timbaktu,Garimekalapalli (gm palli),Ramagiri,Sri Sathyasai,Sri Sathya Sai,Andhra Pradesh,,block-centroid,14.31973106274664,77.46383904927247
p2118,Timbaktu,K.g kunta,Ramagiri,Sri Sathyasai,Sri Sathya Sai,Andhra Pradesh,,block-centroid,14.309294876485,77.47568923845076
p2119,Timbaktu,Kalikivandlapalli,Ramagiri,Sri Sathyasai,Sri Sathya Sai,Andhra Pradesh,,block-centroid,14.341515287795568,77.48013924796793
p2120,Timbaktu,Kanagulakunta,Ramagiri,Sri Sathyasai,Sri Sathya Sai,Andhra Pradesh,,block-centroid,14.320698027798455,77.45989134967293
p2121,Timbaktu,Kanchikunta,Ramagiri,Sri Sathyasai,Sri Sathya Sai,Andhra Pradesh,,block-centroid,14.322829883917793,77.50149217314711
p2122,Timbaktu,Kothageri,Ramagiri,Sri Sathyasai,Sri Sathya Sai,Andhra Pradesh,,block-centroid,14.333751485603157,77.46117767790427
p2123,Timbaktu,Krishnagiri,Ramagiri,Sri Sathyasai,Sri Sathya Sai,Andhra Pradesh,,block-centroid,14.310779276010665,77.4961944727335
p2124,Timbaktu,Kuntimaddi,Ramagiri,Sri Sathyasai,Sri Sathya Sai,Andhra Pradesh,Kuntimaddi,exact,14.339548190696622,77.58097451505276
p2125,Timbaktu,Kurukundla,Ramagiri,Sri Sathyasai,Sri Sathya Sai,Andhra Pradesh,Kunukuntla,fuzzy,14.616600605797155,77.87237593221707
p2126,Timbaktu,Madapuram,Ramagiri,Sri Sathyasai,Sri Sathya Sai,Andhra Pradesh,Medapuram,fuzzy,14.319100961206704,77.71400615426035
p2127,Timbaktu,Makkinavaripalli,Ramagiri,Sri Sathyasai,Sri Sathya Sai,Andhra Pradesh,,block-centroid,14.345876186817629,77.48578576504508
p2128,Timbaktu,Mangapuram,Ramagiri,Sri Sathyasai,Sri Sathya Sai,Andhra Pradesh,,block-centroid,14.306887670249004,77.46894155945381
p2129,Timbaktu,Mc palli,Ramagiri,Sri Sathyasai,Sri Sathya Sai,Andhra Pradesh,,block-centroid,14.338800197577202,77.4971335568085
p2130,Timbaktu,Muthyalampalli,Ramagiri,Sri Sathyasai,Sri Sathya Sai,Andhra Pradesh,,block-centroid,14.332319244516004,77.48363348711155
p2131,Timbaktu,N.s. matam,Ramagiri,Sri Sathyasai,Sri Sathya Sai,Andhra Pradesh,,block-centroid,14.317415043670849,77.47975953802994
p2132,Timbaktu,Nasanakota,Ramagiri,Sri Sathyasai,Sri Sathya Sai,Andhra Pradesh,Nasanakota,exact,14.363774820943354,77.43360633536923
p2133,Timbaktu,P kondapuram,Ramagiri,Sri Sathyasai,Sri Sathya Sai,Andhra Pradesh,Kondapuram,fuzzy,14.302558100169895,77.36499959713124
p2134,Timbaktu,P.g. kottala,Ramagiri,Sri Sathyasai,Sri Sathya Sai,Andhra Pradesh,,block-centroid,14.32420282677157,77.48892395513695
p2135,Timbaktu,P.kothapalli,Ramagiri,Sri Sathyasai,Sri Sathya Sai,Andhra Pradesh,,block-centroid,14.3233019358385,77.47228264234381
p2136,Timbaktu,Papireddypalli,Ramagiri,Sri Sathyasai,Sri Sathya Sai,Andhra Pradesh,,block-centroid,14.329210946146421,77.48756135920887
p2137,Timbaktu,Penubolu,Ramagiri,Sri Sathyasai,Sri Sathya Sai,Andhra Pradesh,,block-centroid,14.319092665645393,77.47517221214875
p2138,Timbaktu,Peruru,Ramagiri,Sri Sathyasai,Sri Sathya Sai,Andhra Pradesh,Perur,exact,14.356978428777737,77.35831610456485
p2139,Timbaktu,Peruru dam,Ramagiri,Sri Sathyasai,Sri Sathya Sai,Andhra Pradesh,,block-centroid,14.332836580538418,77.47603855161034
p2140,Timbaktu,Polepalli,Ramagiri,Sri Sathyasai,Sri Sathya Sai,Andhra Pradesh,Polepalle,fuzzy,14.307080914305235,77.54160538937398
p2141,Timbaktu,Pr kottala,Ramagiri,Sri Sathyasai,Sri Sathya Sai,Andhra Pradesh,,block-centroid,14.330800592239012,77.48607094413342
p2142,Timbaktu,R. kothapalli,Ramagiri,Sri Sathyasai,Sri Sathya Sai,Andhra Pradesh,,block-centroid,14.332558182779827,77.4805358648183
p2143,Timbaktu,Ramagiri,Ramagiri,Sri Sathyasai,Sri Sathya Sai,Andhra Pradesh,Ramagiri,exact,14.317363673359846,77.48712133475611
p2144,Timbaktu,Reddyvaripalli,Ramagiri,Sri Sathyasai,Sri Sathya Sai,Andhra Pradesh,,block-centroid,14.326329722299924,77.47218749032096
p2145,Timbaktu,Sajjampalli,Ramagiri,Sri Sathyasai,Sri Sathya Sai,Andhra Pradesh,,block-centroid,14.321220322804265,77.48814789450944
p2146,Timbaktu,Seshampalli,Ramagiri,Sri Sathyasai,Sri Sathya Sai,Andhra Pradesh,,block-centroid,14.321322638481016,77.47330591991829
p2147,Timbaktu,Sriharipuram,Ramagiri,Sri Sathyasai,Sri Sathya Sai,Andhra Pradesh,,block-centroid,14.326444050369156,77.48866444326353
p2148,Timbaktu,Suddakuntapalli,Ramagiri,Sri Sathyasai,Sri Sathya Sai,Andhra Pradesh,,block-centroid,14.333997107635778,77.47907050680328
p2149,Timbaktu,Thimmapuram,Ramagiri,Sri Sathyasai,Sri Sathya Sai,Andhra Pradesh,,block-centroid,14.316068450714493,77.47904099831746
p2150,Timbaktu,Venkatapuram,Ramagiri,Sri Sathyasai,Sri Sathya Sai,Andhra Pradesh,Venkatapuram,exact,14.015393827970838,78.03328413039642
p2151,Timbaktu,Baddalapuram,Kanaganapalli,Sri Sathyasai,Sri Sathya Sai,Andhra Pradesh,,district-centroid,13.969228177863124,77.78327778373769
p2152,Timbaktu,Balepalyam,Kanaganapalli,Sri Sathyasai,Sri Sathya Sai,Andhra Pradesh,,district-centroid,14.17331125183291,77.8356666420904
p2153,Timbaktu,Banukota,Kanaganapalli,Sri Sathyasai,Sri Sathya Sai,Andhra Pradesh,,district-centroid,13.975750818987285,77.71003131600563
p2154,Timbaktu,C.n.kota,Kanaganapalli,Sri Sathyasai,Sri Sathya Sai,Andhra Pradesh,,district-centroid,14.130307008361047,77.64863979335853
p2155,Timbaktu,Daduluru,Kanaganapalli,Sri Sathyasai,Sri Sathya Sai,Andhra Pradesh,Dadalur,exact,14.392376486073335,77.60785990858297
p2156,Timbaktu,K.n.palyam,Kanaganapalli,Sri Sathyasai,Sri Sathya Sai,Andhra Pradesh,,district-centroid,14.18576041253608,77.69648408716122
p2157,Timbaktu,Kanaganapalli,Kanaganapalli,Sri Sathyasai,Sri Sathya Sai,Andhra Pradesh,Kanaganapalle,fuzzy,14.438049513996214,77.53313727614243
p2158,Timbaktu,Konapuram,Kanaganapalli,Sri Sathyasai,Sri Sathya Sai,Andhra Pradesh,Kondapuram,fuzzy,14.302558100169895,77.36499959713124
p2159,Timbaktu,Kondapalli,Kanaganapalli,Sri Sathyasai,Sri Sathya Sai,Andhra Pradesh,Kondampalle,fuzzy,14.114886743012207,77.65010026576321
p2160,Timbaktu,Maddelacheruvu,Kanaganapalli,Sri Sathyasai,Sri Sathya Sai,Andhra Pradesh,Maddalacheruvu,fuzzy,14.455868284654906,77.37309380497038
p2161,Timbaktu,Mukthapuram,Kanaganapalli,Sri Sathyasai,Sri Sathya Sai,Andhra Pradesh,Mukthapuram,exact-block,14.445283907733966,77.60931247179369
p2162,Timbaktu,Muthavakuntla,Kanaganapalli,Sri Sathyasai,Sri Sathya Sai,Andhra Pradesh,Muthavakuntla,exact,14.386152821151617,77.50181431432135
p2163,Timbaktu,Muthavakuntla kottala,Kanaganapalli,Sri Sathyasai,Sri Sathya Sai,Andhra Pradesh,,district-centroid,14.211740779913232,77.79142283928216
p2164,Timbaktu,Narasampalli,Kanaganapalli,Sri Sathyasai,Sri Sathya Sai,Andhra Pradesh,Narasampalle,fuzzy,14.424175118595224,77.41849683584402
p2165,Timbaktu,Nemalivaram,Kanaganapalli,Sri Sathyasai,Sri Sathya Sai,Andhra Pradesh,,district-centroid,14.076502399266829,77.6263948809214
p2166,Timbaktu,Shivapuram,Kanaganapalli,Sri Sathyasai,Sri Sathya Sai,Andhra Pradesh,,district-centroid,14.051447053962038,77.88396653946997
p2167,Timbaktu,Shivapuram kottala,Kanaganapalli,Sri Sathyasai,Sri Sathya Sai,Andhra Pradesh,,district-centroid,14.155373623629544,77.64668637051182
p2168,Timbaktu,Somaravandlapalli,Kanaganapalli,Sri Sathyasai,Sri Sathya Sai,Andhra Pradesh,,district-centroid,14.21442850712876,77.74800380653448
p2169,Timbaktu,Tagarakunta,Kanaganapalli,Sri Sathyasai,Sri Sathya Sai,Andhra Pradesh,Thogarakunta,fuzzy,14.479067251133912,77.44730730864738
p2170,Timbaktu,Thallimadugula,Kanaganapalli,Sri Sathyasai,Sri Sathya Sai,Andhra Pradesh,,district-centroid,14.07746230334784,77.64832134580267
p2171,Timbaktu,Vepakunta,Kanaganapalli,Sri Sathyasai,Sri Sathya Sai,Andhra Pradesh,,district-centroid,14.124935070409848,77.85819438702322
p2172,Timbaktu,Yalakuntla,Kanaganapalli,Sri Sathyasai,Sri Sathya Sai,Andhra Pradesh,Elakkuntla,fuzzy,14.429707998943037,77.4780382408839
p2173,Timbaktu,Bheemarayunipalli,Madakasira,Sri Sathyasai,Sri Sathya Sai,Andhra Pradesh,,block-centroid,13.94898703077279,77.31333419453908
p2174,Timbaktu,Chandakacherla,Madakasira,Sri Sathyasai,Sri Sathya Sai,Andhra Pradesh,Chandakacherela,exact,14.003837665488765,77.3098232257597
p2175,Timbaktu,Chennampalli,Kambaduru,Anantapur,Anantapur,Andhra Pradesh,Chennampalle,exact,14.352763417724628,77.30576544020246
p2176,Timbaktu,Chinnavaduguru,Peddavaduguru,Anantapur,Anantapur,Andhra Pradesh,Chinnavadugur,exact,14.995469220107376,77.68530453609633
p2177,Timbaktu,Dhupampalli,Bukkapatnam,Sri Sathyasai,Sri Sathya Sai,Andhra Pradesh,,block-centroid,14.285181446704549,77.88924263130266
p2178,Timbaktu,Kallumadi,Singanamala,Anantapur,Anantapur,Andhra Pradesh,Kallumadi,exact,14.902850441418419,77.65164098138956
p2179,Timbaktu,Chillakondaiahpalli,Roddam,Sri Sathyasai,Sri Sathya Sai,Andhra Pradesh,,block-centroid,14.085367538919046,77.42226745939618
p2180,Timbaktu,Loluru,Singanamala,Anantapur,Anantapur,Andhra Pradesh,Lolur,exact,14.79818469636805,77.5978929959911
p2181,Timbaktu,Rachuru-2,Roddam,Sri Sathyasai,Sri Sathya Sai,Andhra Pradesh,,block-centroid,14.065287953018188,77.47597002228534
p2182,Buzz,Vaddarahallikopalu,Chandagalu,Mandya,Mandya,Karnataka,,district-centroid,12.587851615682228,76.66735462873493
p2183,Buzz,Holalu,Holalu,Mandya,Mandya,Karnataka,Holalu,exact,12.548550596082007,76.85321759796113
p2184,Buzz,Chandagalu,Chandagalu,Mandya,Mandya,Karnataka,Chandagalu,exact-block,12.704970393205619,76.90884565277496
p2185,Buzz,Marichakanahalli,Marichakanahalli,Mandya,Mandya,Karnataka,Madchakanahalli,fuzzy,12.559229784939204,76.80565376409655
p2186,Buzz,Avverahalli,Marichakanahalli,Mandya,Mandya,Karnataka,Avverahalli,exact-block,12.327080439731771,77.01190874844579
p2187,Buzz,Madhegowdanakopalu,Marichakanahalli,Mandya,Mandya,Karnataka,,district-centroid,12.743719586620132,76.78110009595564
p2188,Buzz,Chikkakopalu,Marichakanahalli,Mandya,Mandya,Karnataka,,district-centroid,12.56127194657108,76.84101183126751
p2189,Buzz,Puttikopalu,Marichakanahalli,Mandya,Mandya,Karnataka,,district-centroid,12.73269637149821,76.71489838876492
p2190,Buzz,Chikkathammanahalli,Holalu,Mandya,Mandya,Karnataka,Chikkathammanahalli,exact,12.552784676990383,76.83232564057961
p2191,Buzz,G.malliger.,G Malligere,Mandya,Mandya,Karnataka,G.Malligere,fuzzy,12.675420531717842,76.74357180237499
p2192,Buzz,Tippapura,G Malligere,Mandya,Mandya,Karnataka,Thippapura,exact,12.656897779251713,76.73704681521006
p2193,Buzz,Anukuppe,G Malligere,Mandya,Mandya,Karnataka,Ankuppe,exact,12.679944940014531,76.723816830144
p2194,Buzz,Honnemadu,G Malligere,Mandya,Mandya,Karnataka,Honnemadu,exact,12.664331473736613,76.71951116103574
p2195,Buzz,chikkagangavadi,G Malligere,Mandya,Mandya,Karnataka,Chikkagangavadi,exact,12.662917986944645,76.74102542308171
p2196,Buzz,Maralekere,G Malligere,Mandya,Mandya,Karnataka,Maralekere,exact,12.664502068299333,76.75178631787313
p2197,Buzz,Javanahalli,Bevkal,Mandya,Mandya,Karnataka,Javanahalli,exact-block,12.642512986854275,76.74690021642421
p2198,Buzz,Billenahalli,Bevkal,Mandya,Mandya,Karnataka,Billenahalli,exact-block,12.601289976721969,76.74324248307927
p2199,Buzz,manuganahali,Mudagandur,Mandya,Mandya,Karnataka,,district-centroid,12.586282708927392,76.81974975958309
p2200,Buzz,Bhomanahali,Mudagandur,Mandya,Mandya,Karnataka,,district-centroid,12.724157308161619,76.83281905844102
p2201,Buzz,Bettahali,Mudagandur,Mandya,Mandya,Karnataka,Bettahalli,fuzzy,12.64201365093274,76.78885384849546
p2202,Buzz,javregowdanakoppalu,Mudagandur,Mandya,Mandya,Karnataka,,district-centroid,12.66698514065678,76.87155561792042
p2203,Buzz,Bichanahali,Dudda,Mandya,Mandya,Karnataka,Beechanahalli,fuzzy,12.971712591691526,76.80763287683281
p2204,Buzz,Baknahali,Dudda,Mandya,Mandya,Karnataka,Bannahalli,fuzzy,12.496148893293253,77.0950571413978
p2205,Buzz,Hosahali,Mudagandur,Mandya,Mandya,Karnataka,,district-centroid,12.56960089356985,76.85169734999818
p2206,Buzz,"B, Honnenahali",Bevukal,Mandya,Mandya,Karnataka,M. Honnenahalli,fuzzy,12.650605168257863,76.79681587876124
p2207,Buzz,Sampahalli,H.Malligere,Mandya,Mandya,Karnataka,Sampahalli,exact-block,12.573075972905384,76.85654979807218
p2208,Buzz,Malligere pharm,H.Malligere,Mandya,Mandya,Karnataka,,district-centroid,12.605327473016214,76.65927759555689
p2209,Buzz,Shivalli,Shivalli,Mandya,Mandya,Karnataka,Shivhalli,fuzzy,12.58812872991502,76.82781502430629
p2210,Buzz,Maaranahalli,Dudda,Mandya,Mandya,Karnataka,Maranahalli,fuzzy,12.622439107589424,76.82501845522039
p2211,Buzz,Gunnayakanahalli,Shivalli,Mandya,Mandya,Karnataka,,district-centroid,12.67015821474836,76.9097733864427
p2212,Buzz,Shambhunahalli,H.Malligere,Mandya,Mandya,Karnataka,Shambonahalli,fuzzy,12.597660629157193,76.85211150468321
p2213,Buzz,Beeragowdanahalli,H.Malligere,Mandya,Mandya,Karnataka,Beeregowdanahalli,fuzzy,12.563076691726605,76.86854204743602
p2214,Buzz,Kannahatti,Dudda,Mandya,Mandya,Karnataka,Kannahatti,exact-block,12.595822184715091,76.78839363733475
p2215,Buzz,H.Malligere,H.Malligere,Mandya,Mandya,Karnataka,H. Malligere,exact,12.588353018952981,76.8702735688835
p2216,Buzz,Machalli,Hullenahalli,Mandya,Mandya,Karnataka,,district-centroid,12.650388959763049,76.61565669055702
p2217,Buzz,Hulikere,Hullenahalli,Mandya,Mandya,Karnataka,Hulikere,exact-block,12.892291880516218,76.71870770990556
p2218,Buzz,Gandalu,Gandalu,Mandya,Mandya,Karnataka,Gandalu,exact,12.565598030311039,76.82726674598024
p2219,Buzz,Jayapura,Hullenahalli,Mandya,Mandya,Karnataka,Jayapura,exact,12.577950169025215,76.7920156415705
p2220,Buzz,Madala,Dudda,Mandya,Mandya,Karnataka,,district-centroid,12.653554407669908,76.85811337029975
p2221,Buzz,Hullenahalli,Hullenahalli,Mandya,Mandya,Karnataka,Hullenahalli,exact-block,12.764492093790128,76.82324093013811
p2222,Buzz,Biluguli,Chandagalu,Mandya,Mandya,Karnataka,Bilaguli,fuzzy,12.543630248386535,76.8155256041597
p2223,Buzz,Bevkal,Bevkal,Mandya,Mandya,Karnataka,Bevakal,fuzzy,12.607146357046119,76.76941338230013
p2224,Buzz,B.Hatna,Bevkal,Mandya,Mandya,Karnataka,B. Hatna,exact,12.634315439329006,76.76721517749529
p2225,Buzz,Chatrnahalli,Bevkal,Mandya,Mandya,Karnataka,Billenahalli,fuzzy,12.601289976721969,76.74324248307927
p2226,Buzz,Mallenahalli,Bevkal,Mandya,Mandya,Karnataka,Mallenahalli,exact-block,12.625484764816473,76.74364446857325
p2227,Buzz,Shivalli,Shivalli,Mandya,Mandya,Karnataka,Shivhalli,fuzzy,12.58812872991502,76.82781502430629
p2228,Buzz,V C From,Hullenahalli,Mandya,Mandya,Karnataka,,district-centroid,12.568087605207543,76.696314216322
p2229,Buzz,T Malligere,Hullenahalli,Mandya,Mandya,Karnataka,,district-centroid,12.723154011450351,76.80758074052865
p2230,Buzz,Madachakanahalli,Hullenahalli,Mandya,Mandya,Karnataka,Madchakanahalli,fuzzy,12.559229784939204,76.80565376409655
p2231,Buzz,Kurikopalu,Chandagalu,Mandya,Mandya,Karnataka,,district-centroid,12.731767148608862,76.69047881930078
p2232,Buzz,Puradakoppalu,Mudagandur,Mandya,Mandya,Karnataka,,district-centroid,12.523509515914776,76.80517263394741
p2233,Buzz,Dudda,Dudda,Mandya,Mandya,Karnataka,Dudda,exact,12.608355076329376,76.79874486427909
p2234,Buzz,Maradipura,Shivalli,Mandya,Mandya,Karnataka,Maradipura,exact-block,12.601791655281918,76.83153035903145
p2235,Buzz,Hadya,Hullenahalli,Mandya,Mandya,Karnataka,Hadya,exact,12.577873734596944,76.81552120238781
p2236,Buzz,Gandalu,Gandalu,Mandya,Mandya,Karnataka,Gandalu,exact,12.565598030311039,76.82726674598024
p2237,Buzz,Mallanayakana katte,Gandalu,Mandya,Mandya,Karnataka,Mallanayakanakatte,fuzzy,12.567031769446068,76.84082895051618
p2238,Buzz,Mudagandur,Mudagandur,Mandya,Mandya,Karnataka,Mudagandur,exact,12.651932818152916,76.8091379653303
p2239,Buzz,M. Kebbahalli,Dudda,Mandya,Mandya,Karnataka,M.Kebbahalli,exact,12.61315204329148,76.81964363432691
p2240,Buzz,Sowdenahalli,Dudda,Mandya,Mandya,Karnataka,Sowdenahalli,exact,12.62566892856699,76.81200123196739
p2241,Industree,Bhor,Bhor,Pune,Pune,Maharashtra,,block-centroid,18.16400882637286,73.81050946722425
p2242,Industree,Junnar,Junnar,Pune,Pune,Maharashtra,,block-centroid,19.21536065820981,73.9201543812876
p2243,Industree,Peint,Peint,Nashik,Nashik,Maharashtra,,district-centroid,20.22480300985681,73.99163564450298
p2244,Industree,Lohara,Lohara,Dharashiv,Osmanabad,Maharashtra,,block-centroid,17.972855855444,76.39165828011423
